id,roa,stake,luck,blocks,pledge
pool1z5uqdk7dzdxaae5633fqfcu2eqzy3a3rgtuvy087fdld7yws0xt,3.148,69275795052394,0.989,52,563040436964
pool1ddg6t2h9kj6lqlec4ncjs945lzj43m3ggrgdhf5sgzhtygpkznz,3.112,67024026510654,0.984,49,106549231965
pool1tdsrw0n33gmy0mzh7cgtn9p0jy5xwjxaa2s26gn2ewf8kg4nrzx,3.011,60615350211133,0.99,41,111505830896
pool17rjst78s67lvellg8s586rf076jxa3wnsdz730f4xk2zwuhrtej,3.043,64875942216356,0.98,46,396585288638
pool1lfvzgsrghmugvpym868mh29288ez0nncz680mamzjygu2jpuwcd,3.114,65842401935598,0.985,46,389540414136
pool1ukeqarukv9gxwy9pt8jkr4qvad2yf87758g3xzemmvmtk8lrynp,2.8,58147235273954,0.987,53,105136917133
pool1wt0pf4u2xktp0f7apveu242w6nkm4ltk3m8g039lvuhwq4zdtf3,3.356,57887352822971,1.003,37,120041864324
pool1nz9h4raywm6mu2v8l7htuaqvmn06l3mepuaxynpzlwljsf8txhy,3.177,61551258106519,1.006,47,116037917865
pool12z39rkzfylvn9wfe8j6x9ucq6g2l4mw4azj70y0gd8ejczznyj3,3.028,70309893439181,1.009,53,362167168584
pool166dkk9kx5y6ug9tnvh0dnvxhwt2yca3g5pd5jaqa8t39cgyqqlr,3.209,55226387839503,0.971,38,432266839680
pool193uec04jldvah7r52q86wl033g4v42x0aste8jfg9999qepaxfp,3.134,62675934661530,1.004,39,60502866809
pool12t3zmafwjqms7cuun86uwc8se4na07r3e5xswe86u37djr5f0lx,3.085,70184666900238,0.963,50,192154524665
pool189lsf6c2upyhmrzddyvyfjxxkqnte9pw8aqx7f4cuf85sjxlm02,3.168,51457835854846,1.003,35,105203976676
pool1w7c2j0px43jmudhf48ezp7dy8j7904c9l3wc7809lhh2z026hch,3.007,70394247391791,0.997,56,708088691917
pool1xs34q2z06a46nk7hl48d27dj5gzc6hh9trugw2ehs9ajsevqffx,3.208,59610399725603,0.97,41,31896012602
pool1a23gmvalpdams9d42t7fur8vmknzjv7wd3nsvuvrc7dv66lnau0,2.893,51107258746086,0.974,31,380508214768
pool1enul577he3e0s500lv8z98m6k936uecz2rpckxxmmk8c7k0n2rd,3.103,53139097861828,0.934,29,208094529829
pool1a8n7f97dmgtgrnl53exccknjdchqxrr9508hlxlgqp6xvjmzhej,2.898,58128648841189,0.962,37,90476883455
pool1k633phcvz2hjhj45evwwau4w576jpq83acg5h84w23jauqu56cw,2.768,47733414656488,0.988,33,181107843798
pool1ewrm7y47s9hv6hxku9n5gfnsuspymp0qqpwgvgm9rvm37cek2h6,2.77,43718240871996,0.994,35,112158890573
pool1vx9tzlkgafernd9vpjpxkenutx2gncj4yn88fpq69823qlwcqrt,2.933,70920923508818,0.977,50,206402048395
pool1dxwgzj66pual956mnv9delkelg873yvgr2dd8s279m0hxqvr475,3.07,33663406145889,1.001,29,1181115599127
pool173mzegwuu0pjcrt60ekelzj5haqr8r5e4e0n45qh9jdz7xm5kh8,3.084,26547925491427,0.976,19,218510125829
pool1qqvukkkfr3ux4qylfkrky23f6trl2l6xjluv36z90ax7gfa8yxt,3.201,32816728598163,0.969,17,50039540087
pool1pfprlfz0ywcnewjegazz05ghgcfkvu40v6edsz6yn8w362sdjr8,2.935,33318234502118,0.978,18,91309825622
pool1l6aeyn35nkqkn9lqqlwqnpraakdzuukjrqprcrj3sctk6hhe32k,3.206,37094289645542,1.02,22,521506613106
pool17taqml487n9t4r9a6ppvf9qv0qlw2lu4zcrzwfdsfcv6xp7uqym,3.383,29358527923289,1.019,29,53045202197
pool1zmfpd5r5vfwjmwm4cgy53exe58h7plnecny3t4948yw7zumzp4c,3.005,19765678544772,0.976,11,75646425351
pool1qqq0c53vaf5ju0n3fvujmyxwca0yhp65930evw9lngmr5705csz,2.788,30958788178924,0.954,22,435596556928
pool1heks0vmxkfka2amg9c8yn8qdsxvgmzelfx6jhpfkj8ht5mn0r2m,3.487,25119149605800,1.004,16,25119843147
pool104gtn3hvp9lz5l6wevhjj98e45s7rfaa4zzvk9pex7nn786qncr,2.963,23835032685897,1.009,13,325050000000
pool1jk25l2pejpdzq8vdjlxrr05th49v9tgd78fqrtxvuw3rumpfc6t,2.915,49531396934126,0.97,36,6571027148
pool1zytydvyy3qztrs8l2xyggvkfcjctp23m2hc3aj7sudnzgny79cg,3.031,18320267862095,1.006,15,37575381637
pool1qvvn2l690zm3v2p0f3vd66ly6cfs2wjqx34zpqcx5pwsx3eprtp,2.879,19427945983892,0.982,10,512769849716
pool1ufp38a9zwlvvrzcyxaxdrvav50nd7az5lyuzh4t0h3qp2gqamsx,3.136,19756943379689,0.992,11,107097483464
pool15txd36fltfgc63qq0yxtpqt88eu76s0yhugn9a6q7f4zspq6k5f,2.732,19630266588099,1.004,18,893915544397
pool1gqvrgg7zycvf65ydkjeph72t0yx0f5ykzd9f477zh4f3smwk997,2.911,17270312605417,0.987,16,815240181931
pool1mt8sdg37f2h3rypyuc77k7vxrjshtvjw04zdjlae9vdzyt9uu34,3.12,22267165746265,0.98,21,61949413709
pool1kmsr376syqkluhxvv8k2axugqw7unjmlkwhfxjxtj7cw7qcn0jn,2.704,13404447418284,0.997,8,102986910785
pool1ar6nsa2uzng70uf8fdrttu5jhgxzgu2f4za8h845zr435nfcruw,2.855,19178701085851,0.994,16,29253443081
pool1xlfty06hg6q23qvcaxwv3p9ke7ff9n34qpr8tpxt2zflyq20ceh,2.629,18307634489221,1.0,9,83941407449
pool1eqj3dzpkcklc2r0v8pt8adrhrshq8m4zsev072ga7a52uj5wv5c,2.682,15282234936290,0.981,20,502697144492
pool1fs2m5rmlx66crcwwrrsf2pcxjhvk7kzdurcqusd3v5gm65cufnj,2.794,6269217344835,0.958,4,75080753119
pool1cspe7naf0mtntwyysqxk6czah3jlh6v4cja8pdfju932yxsehnm,2.966,12814116060819,1.008,13,106112386085
pool1du3r4a7xq60hg2x0wcz7lw5ya3qs74rk258c8kanp93rsqdqu45,2.813,13491341023508,0.963,9,167604271796
pool1rcd7qslz3xnpnk9u6tcwegy5r2574uf8suqu24ptg637jha3sr5,2.558,8272346607458,0.993,4,101771240567
pool1kprt6l4quz03dhqx8jw22spdjvp5dkshdnn567vlexqkj35hd8a,5.363,862782618676,1.328,0,30157306069
pool199a44nvtjr0c5xlanz4p5c0nywu8l6k5hz3t2he0hq7wvljnsrt,3.955,5745751570478,1.035,5,25095502912
pool15mfkj8sl7estcmmd5a07afrx5f4hlz3pcr6p6ay5pfmrjfl2hlf,3.819,998721822372,0.977,0,424168200288
pool1gu33fszp9ek0w9fkdt2xpnp4vznvvv2vhktc0dypa8fr53lc9pc,2.966,4226513604253,1.056,2,238084599248
pool1yd67lvc04eztwrpnefqh3g4dsydmezwgrg6ce4km728v6sg8zwf,3.046,8119365271640,1.065,8,77390995751
pool1h6q8jj55dn6727yydlypu0rz4sflf2enxhs0thqydmddgu3shl5,3.337,5204037079835,1.019,5,354952886791
pool1gxvkc0576e75065p5k0csvwme9y2qrefd5ga66nx0z65xxjt8jk,15.819,7827483279505,1.171,5,13005386570
pool1r8938r4ts8f4t8nsp9xl9dktzapt7f67jgpsp4wrju39xrdnaye,2.631,5636481420257,1.009,5,71555579226
pool1n7s5kpymwd0zsld8q23tpf7z5esjaqwmnnzzssee5630zpx5ww0,4.083,2503244635198,0.976,2,124584018001
pool1cduc7ut6grhqyavrmm3gzcdf4qfdsjk7vdwcxy9c0r5fyaxh2sq,2.624,21014271177521,0.951,15,13118995103
pool15cy4p3axu0m6sfrmxsp46z5cevx3ruksfwjl48730cgx24j4ydz,3.239,5687807323215,1.004,4,117053248684
pool1sf784g6eje8vzq9f5wu583eurhfq2ee9hzyhl46yezkuqqtmw07,2.942,6350619521149,1.019,5,100886297258
pool180fejev4xgwe2y53ky0pxvgxr3wcvkweu6feq5mdljfzcsmtg6u,4.653,1937686394801,1.116,1,55937990620
pool12pvaxxcv3sgad5jqgfnggn337y76kp02uauptkufjjjes7nxwfm,3.026,271283696791,1.008,0,130742910464
pool1nhd907krga9dh69kf0jg4tl0764rravepy337gptvsknxyyx94k,2.966,1870633916421,0.99,0,100901137416
pool1q80jjs53w0fx836n8g38gtdwr8ck5zre3da90peuxn84sj3cu0r,3.112,2079536973774,1.003,2,200792852841
pool1egunxfppwtglyu3t864uq76y0zu05s7pjda3e9g95nwlwc5ye2h,3.026,1483293934403,0.974,1,624957662547
pool1pfdd8d8n7jx0xnk4uev3x36se87c747w6l2d5x7fanh5w9evhw2,2.567,6736200869723,0.98,4,535140767380
pool13zq5jktx7xmngfer82nkrs8aqjklmydntxdqzttas328yuttgx6,3.409,3541196894520,0.956,3,85602624193
pool1cg559cdc25fkvs73umj6w5nxlwy3mpmj02xt7p4v69eqs5ncz9k,2.412,4073512793192,1.018,7,162119393692
pool17ynruzy9lvq0x55ks22vtf4lrrdrw2ucydh4tfzhg9kkyeaw8nf,2.297,2934425400857,1.016,4,30362634338
pool1kkmk9dnzrrjtnsejttydecmq63x4dpkln70yfledaednj7mf7rk,3.24,905048048435,0.991,1,454727869166
pool1u0u2s080a5plun4acn6s70xa3q98ct7skt88l7w6nnwwyl9ecym,3.982,799085151044,0.907,1,61066549619
pool1je2n5smmnyn3lh92xrp8nepjyfp596ypga6pmdecwtcrcj9uvec,2.979,2187208521466,0.92,0,125009711025
pool1p8yn95k4wgznc38ezckler84ufc6kxemmsvptv74r3g4zkxj24q,2.866,156846309651,0.902,0,117002749981
pool12584mjtgz3fhgpx823qht56gycnfnezg6aqqthazv4qdxkd5c46,2.601,841560560648,1.017,1,73453611415
pool1zt2d9aa8ck62uyy985yny47hr0f6cmf2hnxzke0up0lc7zcp65f,2.953,1081330490495,0.898,0,27635837121
pool1zkdc6ve9nndk7vxnjlalhqt4hr5h8auz5qzjk7lrjrqtv23yuy5,2.971,3989545506429,1.03,1,101419051784
pool1t847w2hfv33qrra7q33nzq8epvcxv6ydshcq7w7j23c87xv2c2k,2.534,3876502518856,1.011,2,30715370578
pool1mdyuct0kgd0hcjjnea999me5dxqpepr4y8du4smegfm3vlr37w5,2.37,4294097029281,0.993,6,100545793785
pool1q8a7ym63gurl72wr32je0tv0lp4p2uh8vzzc6rn6un7ryslvqmu,2.013,6529810011303,0.916,5,40239149772
pool1a5jd3x2udlvpm9mt4gpau4jlags6qtth6jdsguryh2zy27f5ttj,2.37,986242924730,0.971,0,21843272330
pool1huyzkfxwnttj7r4530hv7gc5v6mzk75vuzysc75aemu85mae9vd,2.143,302338719561,0.933,0,140327580021
pool1calq8kjzrvp83l80rtvgmulausl99q4tjfkz2lp227vkymd5wgg,1.816,1341633286024,0.968,0,189879389433
pool1t4zp4wlastva63rqk99k7578e2h3znqdk2arhzuegz6kgj0duc8,3.401,147026517948,1.706,0,52745566328
pool150hft90uw7tzr9uvj7tqkjp4u98a9hl20llj3n9ew76kkfm768r,2.043,1833955412858,1.019,2,366140651101
pool1j8355yxxpfuhqyda4lrj8c9cdghaang3wvwge8jq8nlxurvfqv7,3.394,659699054130,0.964,1,20199200443
pool17r3u34ywld6sehe9dd5t40ygq7rmc6yfw2k0h0hpllznwlmwsnn,1.863,1069303897942,1.077,0,146836419419
pool1drv9qkh2tgqqucc0jp8cwswpmmkfzdd898ja7ac0uwm9j5d44tq,2.207,2235644587582,1.036,4,1064271713527
pool1p9sda64t6l9802tsu2fj6phvt9xfqgcpjucyr3kek8wzurmn8rz,1.707,1152240406813,1.003,1,303799153982
pool1re8cmjt895tpx8dx2veg0cew5yqtxnt82sll03e433a4ugnh9w7,1.315,337993430564,1.047,0,30833441237
pool1xyx655q6ch4d99fuewwtkdwjx5tvfr0rzqvmwehm2cpzj7e2wgl,1.311,1416632152191,0.923,1,1000379247780
pool1jslaut45plz6ek7grjyzxz6kzgerr7p5204h9sprh3msw6d8yht,1.246,1023852477082,1.064,0,60785084766
pool1c30lqt59t8sjn5lg04r5wk5eucxa5h9cj05xs9gzc8lngl4cmta,2.452,4026860408509,0.873,2,28963129029
pool1qaxrj6n50naglqmzj5puq5sd0awgy9wnqmykpwmcah4vzhndpve,2.461,1022343774479,0.954,0,62164931492
pool1u899yml96tf2cf4zkw4490mnhf832pk6fefnaluvt7487jmqzhg,1.614,1236757081617,0.993,4,484914477932
pool1030as3pp5684ghgf4kzcpv4p2jnmkmme7j363t95690zwxp7wa0,2.656,1364227294235,0.99,1,39437376213
pool19zhl50qqzpfvvhdytqg6qx0cthummjyunfyvkfqx9uxrsp7k8ek,2.136,3266587817732,0.962,2,93182782182
pool10akpqvczl93ep4rc59c0aqyn3dm0env2ydysuwmdm670wl24pd8,3.048,63258715830967,1.004,49,1443129591575
pool1eaeynp2hs06v4x8q65jfm2xqcd3dc80rv220gmxvwg8m5sd6e7a,2.251,774391144365,0.98,1,102232088208
pool1a2gt2mvuf5zvtqlvw2xgks2efze3p4r985ft62q64lua7gx7lal,1.416,2150271506785,1.014,0,119312808865
pool18me06fpnm53xylyg59n8yvhy3xtvjetra3tan5trrvr6yuvm8pd,3.085,209198970574,0.941,0,25675562229
pool1980svf2cxnfy66s5jgjv7y22xud75z9kfe6n0c3y54s62w56435,1.858,1364512970308,0.996,0,250076053957
pool1qhs3cf9ymc2nvmrd2j8cs36cj9jdqgnqk6s9ngyvy2lz5s8rak8,1.623,633567584311,1.022,0,167604803869
pool17xh922cr9skc0fqk7sr8at6xx6eluh5qyv9p7ca2x0mtc3st0mz,1.947,2170294634568,0.94,3,53292007278
pool19f6guwy97mmnxg9dz65rxyj8hq07qxud886hamyu4fgfz7dj9gl,2.934,64154762905424,0.986,37,573298781887
pool17ahr5ygy48vpdfnatqn2z4wfu2te4quapk2yx3k50ce6kd7feg0,3.055,61371393761209,0.996,35,2725656085237
pool1qqqqdktl6pq46td0mwut0qn30g7nlue0sete9wxl0hwsq37wrw8,3.102,64913640677742,0.996,49,500145491031
pool1rvng7n968748udkc5rxy4h9zp9hms4s3jsfwuues76ft28uc056,3.119,67648410513390,1.001,54,426165679697
pool1p82vmqednsalje23mpnz9u3qt9ruj79xu83mr6p8t93fw5fcu3y,2.705,4948825806474,0.97,2,26234252741
pool1whmm0hkxunyhxsr6dfjpx2tpvd05qhev820lx9vcmvqa5wjc6nh,1.569,1531828402312,1.002,0,407038051828
pool1y24nj4qdkg35nvvnfawukauggsxrxuy74876cplmxsee29w5axc,1.359,431849039553,1.009,1,132329941687
pool1we9umarzn0l6jp8mcm98y28lxuuzcurzpjldnjwtgdhgw068mnr,1.67,274227476578,0.919,1,80589409173
pool18qzks8vdf0yu0u5ccf8aaj35q6zfutdcfgrssuvdjmgtyykr922,1.319,173714088797,1.0,0,42678447749
pool1zz7x8ergn02chznayj9fjds2gk5q6prmpdr49faspd65kzqsrjs,2.954,67459010773028,0.989,36,136220969951
pool1777xvdg0vydjp78cdcfrmpuqj28w3nuasf7h9a2f6cd4z990777,2.128,92309583026,0.973,0,78772226309
pool19w5khsnmu27au0kprw0kjm8jr7knneysj7lfkqvnu66hyz0jxsx,3.056,64224357847399,0.985,59,1350466443899
pool14pxhk34wlpu2azrnwy9ah8hrzxgffhqthcxcp620209eupfjfcn,1.862,1579944343334,0.883,2,48527971040
pool1esd3cqme3zzvvdnsx3p6ywudn6p86mqyz7fpvqpegxv2qzmtes0,2.263,550303480782,0.908,0,23022465102
pool1nudasuv0lljpe0tswcverqvlh0v4226vgnpsuxn0e9nkvnvcvne,2.973,61878672875186,0.978,51,173991859171
pool17e4rdh59t4fmn4g3p02xvs853katrjzge830tsmd3sfdc645yvt,0.681,645997288828,0.937,0,20050218757
pool1e3y7u0rtq2zskc7ansvtrd4p3vtv9hglyztzcvsvlk22w9t40v0,0.586,127038056864,0.965,0,50012991039
pool18ljuhhw27t85zddz0pvsmsjsz5k0mlz03pzsxgh8qarcsw5wycc,1.644,803578287179,1.108,0,104738505102
pool16kus5xvdysgmtjp0hhlwt72tsm0yn2zcn0a8wg9emc6c75lxvmc,3.028,62218369021084,0.978,43,10000492972488
pool1u6kpt8hgqcm596kukj97ghefmxn8ks2cgwg8qqe0gtgscnufk5p,3.256,62097557618108,1.005,52,510065238099
pool1s6se64qce5rjjjhh6ufcdnc54p8qg78mlhjm38lymx99sqysvzx,2.92,58898180810258,0.97,38,100011838790
pool195gdnmj6smzuakm4etxsxw3fgh8asqc4awtcskpyfnkpcvh2v8t,2.819,57741104740852,0.983,43,560340629563
pool10n23qyec2zcetv0e3x7fdjydscsrlet5sph2hgtfc7x5ze56jqn,1.588,315341502094,1.16,0,40854438915
pool1ksfzungz56vxa9sy6hr54v5hf6qx8rmcu6734gqm3qlxucveed6,1.409,394775258278,0.909,0,62383989051
pool14qpadfdjzw6jkwxy67uhey6tjpyppsmwgz5awfsxwrtpsecslpc,2.477,162240221620,0.884,1,86665398466
pool108zdflss3ayqlm5c7vr6mtqj2uwl99vk28ur8dv4zswdzt6yauc,3.262,57107066542366,0.982,35,1305128400773
pool1gslrt6mmljsqkzft6nd0q7w7g2fyhxpxx6sj4ff68x22kwx6unm,0.977,560136008079,1.139,0,39076388469
pool1qqqqpanw9zc0rzh0yp247nzf2s35uvnsm7aaesfl2nnejaev0uc,3.106,58483748008255,0.998,50,250000200000
pool1dgmuwu0txducah4pes4e2avlcv98wedml33kdz7ujtrrxk8xv9y,0.191,413216439671,0.931,0,251249985560
pool1dswpls43u0s6cpt0dh2d6npm0rnxh5qcjm9xax9y6fp3uq880xm,1.37,298629082178,1.118,0,170833204776
pool1jpz5m45ff4r6tnq7n5tw63fkhpmw3cyv8sn569w24x8lj3kl68c,2.787,3818523088969,0.992,4,532969276927
pool1kxtzkv3ylyc48hgjqkwe93q2vkx67vgzag9tvqfalhwsjs43w9u,1.841,209353336970,1.001,0,161595273997
pool13qe6ycacqjg3gpvjewg8734d6hs6rhduuenjtnnkwh327hmtyz5,1.842,414026314867,0.836,0,143316469372
pool1hvevy8qu5lwg7ul66xmzvwv8zwdgdradsg9ncvrflm7dvy407e0,1.017,192815152122,1.031,0,51370303928
pool18t0u9vf408ftjf9xdpj47gdwkeq3jz3jqyshumm7fvtfkcq7ul7,2.337,214677984437,1.303,0,210860531347
pool17gfj5t240hqaqr7vtrlrlhmyazw3lcyqvfd06v4kpxv7qxpdzau,1.33,1055521823353,0.756,1,31911997332
pool1mchqp2fr7mwsz6jrpplxpr0ekmwafev8arl57wwxfck5x0dwv60,0.0,150874890510,0.968,0,104129109753
pool14wk2m2af7y4gk5uzlsmsunn7d9ppldvcxxa5an9r5ywek8330fg,2.981,61271793448018,0.964,42,1183534647457
pool16fyda57p3c8gp5r6gmcq5tvqsp6mnzwvkxswgznkuh8wztrp6vv,2.81,52168395892074,0.982,32,255686107554
pool10zyf32q3w3n9x940j6yqgkwuegzn77p94wcmpku6gvmrqw8a97d,3.027,62067241455178,0.992,53,36462079775
pool18qmfd3ljn2dynsw6f8knt04m6cyhe6jmtz54mfw8mun7u9vqqx6,0.847,203159478164,0.862,0,90331788645
pool1tnmd6aq6rn3ctyqqqw8csvl5vlqncx3fwaqk8rsxsmqn5v9e28n,2.848,1856984212907,0.871,1,65999414915
pool15fxktqvd92sq8plh3rjdrksumt9p8rzsayfk4akv2hng5r8ukha,1.936,700769243835,0.929,1,45570319643
pool1xjhzgchsl2ccvc5pj3aqytv9hh0jnaz63wtfnw4th07tjypm46x,3.102,69953721738928,0.981,56,324714012741
pool1ft4xjlz9uw0r0ewcgtkgeakqrfc5azxmxwsm5pt94dv67mw4rgd,3.203,60457745464816,1.003,54,776412019036
pool18rpw5dwfywfrzjuy7uzn2cetrw9v85aan8a80p3fdvtqcxykkqu,1.024,414225769256,0.811,0,60336109813
pool1zeya2r53sxmqh2ux3ssfsrqerergnw2hjxmp63r83ntwverpqwm,2.014,6109190123538,0.96,0,11503453175
pool1vtpn0drn5t39frknedmqq2jkhsfstwketsnvdm7cjzz674s30v2,3.042,64713764849245,1.033,47,84608630088
pool1sjwdmeme5zs042jzwmdvxshhv27kepxke0mr02f2yzacsyd4wtu,2.931,54761536066822,0.983,40,100085928583
pool1vc8jp7uagxgh8trzx7r260ndcydz89ges8sws05cyv7jj8q8gqs,3.249,56680346427826,0.988,37,387340911525
pool17n47upcpnzsdks0yd409nf79sg6hqy73twg87eddwh24uj745rt,0.83,243911886009,0.909,0,51443037499
pool1c7jrfce3zxkk9s9enzpvwj8fuayvx3pdzc2k2es6mrw6gsfcjep,3.189,54269675076368,1.0,45,5003116079240
pool16ajaae2n5lsyr4f9k9uz5y8tpf0996tw640dzu7chwp2wdrnz6a,2.966,70099910081616,0.982,49,515744075546
pool1tmt8thfaqeqv499l3s7k5kl64s84nycvnx55ll3ksm9hq50p0ks,3.026,59358040211632,0.974,34,1620886983711
pool19at4pzt6ghethuls7ehr0v5x65cg7mj0zun79eenefa074yfcz8,0.391,268315659932,1.129,0,115006083329
pool1qfxukshs4fkcrflzdnxa2fdza5lfvew3y6echg8ckaa4q8m5hyf,2.924,52059565663886,0.986,32,1008659598281
pool1ctzja2cdwyeqnvehmrlclc5wrn9w9acwklk3acn73jrx56d66vs,2.835,56599273014270,1.008,36,388035890778
pool19aw7zl62a72fy0vz2g8tj7raxzqhw2775ynymyvaeayvk8xf9er,1.552,279545822234,1.051,1,20778973982
pool1vev8z03vh7jwx3mfrgzrt9fltt97nupaxv8ffj4r5r8mgwts5ze,3.125,52660187518386,0.975,36,54913431588
pool1vvesqladm29fuzrv93px5qse0upw82a579lz9063xsfrz7yef7z,0.116,705339148746,0.877,0,81226687561
pool1pshqcksxywy68lt04lw6uf35f4yssekh5dx2mxqmyrukke2z5y3,3.004,51663823266447,0.991,16,760060213671
pool1zvsanfncazr5udf0s0s07hzd0e0nkqhza9d8h48ujq65vuamnu3,1.255,136731505467,0.779,0,30318999299
pool1h40xjqda9wmw9cff5jss3ww9npujkhlvg6xjy9l5ujsu5rqlw28,1.82,283177423609,1.076,0,17008689149
pool1a2nh3ktswllhwf07fjahpdg5mpqyq7j950pyftq9765r6t4cefl,2.834,52568697185517,0.98,40,381322362168
pool13r4e7tttcxp4qfs4gqtv0hz5k48qdhhxrskz8pjrj6fqy5qmee0,2.68,5223033662522,0.9,5,11665439046
pool1lr5ku0p3jhykdf3a2kcr0tyra30qvzrtl02dr6uyv98rxdsy3k9,1.154,1866059373177,0.981,1,10051617741
pool1gckg0tjrt2jk2azwd8hmly5mrac30ksc2k8z8gf8ecyru7qpcdg,0.782,201982371609,0.523,0,201256149246
pool1qa6lqyu67ghpa0evxfu9nzqkj3h82qpfku82ec79zdwru4pd25m,3.058,48403122346176,0.972,29,547947846016
pool138m7hevnvp664cmtralju857t5k7e4frpnaevtgpuykggr50kne,2.9,42611100906948,0.963,32,100005261958
pool1x9q4jf3zwftwygeeulku8xtlywmtmzwxjk2g3fz3j5mlwjqnr3p,2.788,21083840495383,0.944,12,46977832880
pool1hntu7agmt8u5j9c20ejen7dvq0jfkvkpnul3mrdd8tppqvwfvt2,2.863,48486849068742,0.983,35,1000005730992
pool103455uc7a3477q8pdmzvny884qtlv9vhm2csxvqx2cadwuk36sq,3.023,49458500586526,0.988,34,5011724116887
pool1wntxmftndrsj7y4aqles8knl3nfuyj22l83jun02yyx9s962gm3,0.0,92960357403,0.518,0,65888424634
pool15g3cwwmd3qks03ztl5464j044jasn3dcs6zcgpxtxadfj86lvf2,0.0,248954677406,0.885,0,21525615995
pool1rtnv5vj0glxu9w2mkl9ptev72enx75gjzdkc8urfhavr5reah0c,0.0,140076528677,0.797,1,43123327357
pool1gqgyta9sku3crjzfl9kj7kxsgfkt98y98yeu09kx22zscrezuj7,2.8,55085133314087,0.982,34,2116820124730
pool1urgvu6zk422j4xwtxa45lzpd6dm25msfthpkezr042secrtuwzc,2.856,45562904669972,0.985,38,100012296823
pool177q3zxxyqzp5kffeh5jxssnxk7rwnpkf04628kcsf0cyj6jaklw,0.215,370046171016,0.938,0,19354685250
pool1mh4ng2ldxk4sqfppzu6r4knxrk6e87e9c4wgrred84uy7xauzlh,2.785,43745907437045,0.979,36,100007645511
pool1lvsa8e0dw6z8g2fkw7prnfa7627wuy5jjexaadck6w5sxw5xkvm,3.006,44180066898331,1.001,37,425804696385
pool12jnulzs7j8lsku4r2a7q6tee6tt66872vwhqh8jxvgzn6837jtl,2.789,48475754849521,0.987,34,103800586866
pool1qqq6qqa0hpzvumv5p87ynczfmdj557xuwlc3289ke42g72z7f74,2.988,45654609376855,0.981,43,531669245712
pool1ld9hkah2dkzh73pvh9tf6xr0x28us34msv3zcv2sase5vhvq962,2.976,44411614982182,0.997,35,413557356514
pool1nw42xqnaplxsx3fq4ytl4x4qqvhs7g5uymnm906pfvx5636fglw,0.0,59093728863,0.0,0,25927800519
pool1ell3xjtspzzz4vtsatscan6rheltf7j3hh2s8qsam2h3jvcxzm9,3.129,43875934859912,0.989,37,379247765612
pool1myvgx4ef424e6nw2strqq7dxcepav52plyyhxrk0avaw7y098l2,3.094,43094001063927,1.0,32,202923498944
pool1gtphgrdj8sluxm9e7ca2spcwcq2p0dxj9zf5v0yv3gsagzq704n,2.912,40015031010711,0.985,27,3701091872198
pool1qqqqqdk4zhsjuxxd8jyvwncf5eucfskz0xjjj64fdmlgj735lr9,2.948,70471405513204,0.98,37,1340017234650
pool19lz8nyz0jjpdrdtnjaar4untk4th23gpg5s7aegn7480zff4vgq,2.441,49172009676305,0.954,33,105608996358
pool15ccmgcc4k9t8auxw9v4dfjmrl2kqnuevawn8z6n7xv09utw9hh3,3.084,41999147429773,0.987,30,300018543195
pool137x32lrkprphrd0aa8x4jqz98z6lc0wawlc88hdjeps4qe408ad,1.773,2049692668152,1.058,1,5235998972
pool14mma26pz4v888lrxtlzm22vjd68h5hd89kj7jaag6knx7x3k5ed,1.143,325955637754,1.021,0,10793986260
pool1qqqyv9pn9typyqwcxqk5ewpxy5p27g5j2ms58hpp2c2kuzs5z77,2.738,40479479995551,1.011,33,153021947585
pool13hxlxd6qa68fmfhrvvmasa0mjg30tj9p5v2lmgmgsmrp2rgzkfp,3.237,71646875665039,1.037,38,268372257122
pool1gf8a46j6hvhad8e48hez4084x34snpua8k7t3kzy9w42q6w60z8,4.673,140447425114,0.768,0,8618388142
pool1wpmjtfqcwvtcs9znpuulk99yk2zz6pfh0c4k9f2xlcspgqjndk2,2.298,48211559180229,0.958,28,105072480622
pool14fjmlppz76667ws3jl5luejf2wgztuhpsftulvh3ucc65anqgve,2.987,44118809640210,0.998,36,32447287345
pool10tqeu6d03p6rnalqlvdshmpsljxaq2c0ww6draq6xm8lgyl2a3p,3.016,47928918514228,0.994,36,100002249292
pool14zdcvdec8qmqzsat5wg3a2h9f0u5yzrgjew534z8u3gs5durnjz,2.928,36559510760098,0.938,31,100060572255
pool1q7wrwstqkzhrffdzpw8ftfd4epmxywdjnp8384atjcnezchv242,2.642,4212449267935,1.024,2,11438377841
pool1tpy5yawzpetcverves0h6xdycxgrstehfvrkygydt9jcqxwpw3j,2.974,40679916638937,1.007,22,1008947088222
pool1cq25dmlt5974x8tqg3e4dlzvrxefcce2atpnwlfp7ad5ugec9fp,2.899,43282660997982,0.992,41,1502948091067
pool1m3gg43uhtetn4hmw79u8836dyq8qe4cex8qnn6mks5egza7n6tp,2.828,2917256407372,1.012,2,3092088853
pool1qtrmcca06yuu5tm9zfv6hantkm2xqhl24hnmg8knmx7pjt2cw7m,0.574,245464444071,0.952,1,10027960878
pool1vquhv3kh6xkklckaenl8alyuhfsld57ef5573aqauueyqacx4ak,2.939,33099276891980,0.967,23,501910373307
pool1fpu5xurq3jx5rn626ejcx0dzzzk5lmtvdl2qkj9l4kw2sjp50dz,2.403,44900143091051,0.957,24,104261471884
pool1xru6f3fflzwkptgm68pncrsncg9ngllv0jk8jnz40m7wusfhazk,3.001,39574808299946,0.982,29,1017778617147
pool1r0dcmvzsldk06yagudxaajqjuzhvwlzcnaclcwtvm8v4qmsn7l0,2.495,46876644584918,0.874,24,328600080775
pool13crd2ljx87988umk22er6ynwadfwdqupdpcq6prc6v59z62kxse,2.864,38038491395411,0.981,26,1000021830403
pool1yvf4nxph69ztm0tgj73ummxq45kfjhecyad26e3xc2002xgzalg,3.172,38107949468222,0.966,26,50022138940
pool12vs4c3cm0tr49c7alrevfs0xa5g3s4al4fn46h33e69uusat04v,2.944,34627567719018,0.972,23,1000002930992
pool1jq7r3evstu2c040vlry8tgvpwf0mfvft86cxecwjpwcuvvqfu2r,2.882,35826647190800,0.95,18,100010645511
pool16j3mvwws7zc9pjluyhddgea0tq647v0dh3y4nkcuckg9znjcun2,3.109,33899560191024,0.984,23,100007471898
pool1ppznyu6qrvlw9uuqa3tslryjd40nh56jyvmaqw6kdf4kzq3y8kh,2.995,36943613548329,1.007,23,426046685319
pool1cf7mqj0xd8z4jqhr7nf565mxuvepk8euv5t6ehmuwe49kfz9llr,3.12,38849209013438,0.984,29,110322050960
pool1psk0c2p7pwactw00nkzjexdw0msn7g8nddc06eyvds6yswr3tjg,2.869,33151498724125,0.978,26,100009222869
pool10ya6hxrssmyhl560gqyalhqxudkgfjdlc0e4krww6wweyaeajs8,2.699,41442177734739,0.97,33,67641958286
pool18qahj5ggudguk69g9aaztf5dvapmazql4hdvd7v0947j7gy4wqf,3.167,3852342396763,0.978,2,46835204179
pool1m62sl6rauje9cknrkhwl39tc4hujudkd7gp478dpz7tagmjr8wm,2.675,31836870775238,0.993,29,190172548189
pool153lhpqpcms4a73metcjd439h8yzvht2yyjluuav9vfsv75gtf7l,4.45,128866149958,1.03,0,23011656052
pool1jz5ljsnj4fzmk84j0wcw9ldy866dn07nzqg2ktyuyjvfvr3jgtq,2.843,34925555022470,0.986,32,425763258865
pool1yc6f3cqsc7jfh07hcns64v5cp8720mve870pgxf2wkr3u8l7tse,2.892,30322450852505,0.977,22,317367785342
pool1j6zqawj6f58lp4p00t26eqe58gxx4pa3cudlzpkv23y92nlxjzd,3.302,35747248128058,1.006,26,101120538862
pool1hxdcr4u22lytge79hr5hds39e90jsdmhafphdgnn4hlqvl4qlt7,1.04,174134755538,0.841,0,19756666999
pool1pp7tn2w6ken4rpfcjwcdup3g4m5gcdhc9lgvrm3mnxz5stmrhq2,2.418,35181460987406,0.938,18,100825669539
pool1q2fh3cl6rx0wv5gry4qx5l4h65qpjf7x99xmq66nqj2fj5g6u9z,1.099,38232627523,1.232,0,7960489282
pool1cn0dqtplwf67fds40hgkf0u5rm4q4azev5qutmgkw5hdyvue2ue,3.341,30177179610086,1.003,19,1009968942285
pool1evg78egp8gfqae273kvmmdee2dnt6vty60dpwdespg4hujznh3a,3.071,32218806577220,0.991,29,107397797936
pool18vej0s9gska8c847aj95g9v24duuxg2g63d5cuqngnxew643jw9,3.138,70974736772689,0.995,45,503428919671
pool194lhpd5e6a8n8n0zce5hg9f5279pqecd86yl0ytf8nztk2x9unv,3.807,264126925780,0.831,0,2804918018
pool1umflj8hjq873fs9r6aq2zvgs88zrs5xjswn2znkdaehlz2eqy59,2.097,114481658527,0.906,0,20086395302
pool1jeu74g86ys4fekhykqcww99kdsq3nlym8a6kfw8s8ff3vskad70,2.986,27543329660981,0.979,21,51018187106
pool1phc0dedrry2jp2s2tqngcw87vzx3mychvm7qqe3470etzsf3ph7,0.0,51361625619,0.824,0,13000000000
pool1d3gckjrphwytzw2uavgkxskwe08msumzsfj4lxnpcnpks3zjml3,3.065,31102891207217,0.948,24,1000061357397
pool15zrkyr0f80hxlt4scv72tej8l8zwrcphmrega9wutqchjekceal,3.051,43893432870236,0.991,23,54511261075
pool1krznhwu3h5pu2stuslr53z5rme50t6384macsmylcnljwc7yjky,3.252,27824581684287,0.996,9,209398278862
pool1p8fhygz7ga9hghhwmkr64p3ftn77lxu9nyddvsqszattcdyajc0,3.118,27834614098090,1.007,12,179174561988
pool1m4enp55hp80tf6xl7k6f6593wnyu3pr83xfvef9x3ktdw9m0em5,2.688,27526252075905,0.96,20,2710420205507
pool1hkklrx9ac7w57d79mnv76rxlgq4acg5ecwhyep7k3zn0u5cz2k9,3.026,27964437322540,1.011,17,1602874936213
pool1fm57fshvdlrgs5pnpk78tnxha0me28equyy96vj0xm85gy5chv0,2.991,26967411831206,0.978,24,389610829769
pool1uk2f28awascuhrhuwrp7x6y87x8ch33vwx8jtmrysp7l5ngq78j,2.91,21771715203396,0.971,10,177796470318
pool1yenqraf3znn07qmvtd8wg23fymsr0vsme7ry2475r48vk6ss0z2,0.0,11677601571,0.815,0,5000000000
pool147en6w8f9cplnn5x7qt4ese7fpacmmcwuffrtu0yqxpaz4agppr,3.17,25953674060823,0.958,25,114476220542
pool1pv4hhvy8dkvllr706q0lpyu9py6lcf6zddl4wlynwx3cglxajmg,0.0,105483356297,0.628,0,10239239681
pool1zy4arks3chpruyt32p0mhwqu3qpdgyx7nejrw06nqu3uzfuv3aw,1.204,64906107536,1.188,0,6264017289
pool1aqg6fvhcaulvss2ruvpx6ur9vj7pejvdcxv6xp0qlwuwx94evf0,2.926,24005001521172,0.983,15,25006913962
pool1x5dfpgp987e4jhxvgczr3wv50nv2pwd873tlx3uthvcasm422q6,3.097,31796540197401,0.981,26,72157562466
pool1jt7d6ak3m8gnjyxtuxfswe258xzwda80ndl0a57vv5m2zv8h6at,2.623,22266067869957,0.953,20,102792823609
pool1fuzqy5r9x98826zv6wp40tr27uplemmstkd57cuw8jh5v5m90vn,2.956,31997236306570,0.978,35,1855282349785
pool18ufrgfgmslekdxnk9v9345qvhrr7vfgzkvneqtwm7unnwaht6ww,2.435,3161376432667,0.839,1,239584601398
pool1x0necz9ktlnah9505f3fkdncrlepz0q2gyfp4r7pjxnq53qw5kx,0.0,26832720487,0.941,0,26565163306
pool15mv5w2vvfv2kplkrt40ylylyvdudv5axq5nyw6ln3v0gkd2auew,0.718,653646382750,0.956,1,100462591215
pool126mkma8nv5axltmz7mmg8qz9e70nmhnf58hwx5772fhwgkhk6ag,2.749,28179520437572,0.969,28,136925951006
pool1uyvyxt9k9g038h567x8halej4x87j7m4r4zyz9lhv4dcv83husk,2.633,26405369682201,0.998,20,1000029312987
pool1pclcqwg45da00d4py9qfry3k86w7vkzjgfmvyrpx75g7u8t9nwf,2.51,30037283562495,0.98,21,69594638677
pool1zn9hjcmfddhcp2aj9xxuvz7z40rasyatkgavr8ryyz72qdfwtrj,2.802,25762745527000,0.969,12,1174649428644
pool13846y7q7tng3endxhet9qdcz5w0fjs09ytcye4dm5g54wmyqeqr,3.274,25425319000065,0.981,21,509182100617
pool1mrxg6svcug7mc459ce5zum4qd6p0hkfc08jzpphxfnxzz8yf7ll,0.688,2457924528874,0.937,0,6788482255
pool1ptzt9j6y4jefzkq4vj3z7wa4h492ktlkecggseqvc8f060xuved,0.0,156861000257,0.514,0,60819236541
pool1grgycym8cf0xmgjjr7gx7udmkpu93hqaygysy5myx6ghx8dvl5r,3.201,19869142443687,1.021,12,1000010319356
pool193rdch53x9c53rmftlqgzj22vmz6w8z8hhut2ckzd2zej45zpap,0.0,43303404376,0.326,0,10000000000
pool1q6lzp5x6tqg04chsxakupgq6x829nsx2dk5w8h043fnajm8d3uj,1.056,1535884083722,0.755,0,4971478056
pool1qqqqzyqf8mlm70883zht60n4q6uqxg4a8x266sewv8ad2grkztl,2.784,28720102568997,0.966,19,276293544005
pool12n6lycv28kjtkzecfz2a3uujyxy6ewuwjcmjq84my67psqmgagv,2.797,24943674844365,0.969,15,206378125243
pool1l37xvdpcl49kr3wscpjp9pr854g06nnjrlndtu3h7k6pvfapgap,3.42,21590612769958,1.003,16,1391379166024
pool1eqa7kxx4xg35cu4rqj4exkvzhenscgh8wxez0gl7hsagygp79kr,3.107,74344013089351,0.971,54,1050050000000
pool1lkpj6fa4l0sy39qfvyl4pcsnnd22y8np8j98vzwula2kuxgers4,3.302,20039602833231,0.99,15,1501193179056
pool1ex3e0w92rktrqvyen48dl58cp8efp7vfn3ealgdd8fkhqqychgd,2.73,149572065941,0.814,0,384675851
pool1ygsyw93csvam58nf63gttknj9dvj3zxh54h4eh0kals7kdf0nx6,1.864,1210488105810,1.072,2,100151979802
pool17kew7rtakc7g6qzydntann5umw08xq3ll2j7spk7en4kvff69fa,3.065,21606551217558,0.969,21,1000021037302
pool12pk63q22re4up2dg86tyjwthuauqu0ryq3jlxs9v29zk68cpugl,0.0,3815239683,1.203,0,3355866759
pool1xxhs2zw5xa4g54d5p62j46nlqzwp8jklqvuv2agjlapwjx9qkg9,2.668,20295086463872,0.97,15,425859656991
pool1ljywsch33t7gaf02aeeqkqpuku0ngpwl9fm04t7u5sl5xyunmgp,2.676,23418799510160,0.993,18,150929560429
pool12fclephansjkz0qn339w7mu9jwef2ty439as08avaw7fuyk56j6,3.284,23601870746685,0.986,24,335521875999
pool1ljlmfg7p37ysmea9ra5xqwccue203dpj40w6zlzn5r2cvjrf6tw,3.167,18771723243841,0.986,10,303111113463
pool1hht4pctn70tqdsd0zwuxv8d8cz6l5scjzaquty7vamyzy78eqvc,2.979,20167212622370,0.995,15,760154538739
pool1gclysx2h7fndj0jdajlmwvqr8q9tzu3rurjknacu0ff954fsg9a,3.084,65411106256331,0.99,44,75849052563
pool1z7n2ruhmxmv77f6cqhd3wsy6774h2wuay77agxuf2y9mj8q55vw,3.236,65547797226469,1.004,44,75876549217
pool1e98xlcgj80c3rdmm27v5hnvrdtut52e65uk0ema7ctfag596vr2,2.815,28429053744263,1.016,16,152647088221
pool1w0jjajfvur53nxrlc4nnm73087lm39qfumeq8r449jwvz3wdx05,4.472,38784066785,1.056,0,17270639021
pool1qzlw7den2mlj0fmm65g0fnf46vyhzkhmdaf0f8v3s6skuue6rlk,2.893,24382855944509,1.006,12,3002538044088
pool1s0cfkzheywsftgwp0yz7sq4rt5gyf7t5kfwj5a269kpxvndjn6q,2.747,20067520186125,0.989,14,375340837908
pool1lav5pcqxrewgc03h7aky00tmuk4cawwluslkctgmwnczsgnmn9v,2.544,31221710579,0.934,0,8130186213
pool19r8kcmqpajlm6h5q0lv8jye0q7evdur39wfsgs4z98fcqpz9lct,2.729,21461472400002,0.978,15,1000023197045
pool1ksrg8a964464las0ymw88slrwxkychjz9lh09lqltu5m7nw3pq0,3.068,17866034478759,0.973,7,502223212254
pool15s7w4spg5ee7n7rprhs0dq78plw2mhjkpu5v97uvl27gz2way7z,3.403,28226619860526,0.976,19,450345657697
pool1wf7wk3802jxtkmek6uprm77cgqx53t4qep9kwkl078w3yw0ff69,2.708,23435164199861,0.974,16,75032863700
pool1jjry6f6q0swaq457ft9eclaxaskvrxnpj0v3w8edsyfryml3vj6,3.132,16293533406498,0.998,17,1284148707037
pool1vdh6kxcqt9mxavyv80ggnec6jjwms44ms30rhle3lt266aj8jgh,2.886,27127668804477,0.936,21,1004659434455
pool155p7g23vdme50kp5lfqylfx5h7ndldyz2mletvr8fqucqzyrk44,3.443,66984313910807,0.992,51,57866647910888
pool1swe9nsv8lzugakjkfv04dn38scmq48wzynmn0lxasupuzmqcgjm,3.19,15564609089485,0.997,13,174839594239
pool1nwt6mxqus3tpzrshky5h5kykz9rjpxmacrvw0z6yak9uk5p5045,2.922,22657536436678,0.986,18,40022506122
pool1qs6h0y7czzt605kptmrv6cr85kxd6tajr2hs0etvxphv7tr7nqu,2.976,60743859074907,0.959,39,42481620747
pool16agnvfan65ypnswgg6rml52lqtcqe5guxltexkn82sqgj2crqtx,3.09,71587600658859,0.987,57,1866268482795
pool1qwa8x4u4a2pff0xdv0haxpgk3tyrvl5adl2lpf3ztcftqruhea0,3.121,15502052744111,0.967,8,300954033349
pool1st58tj7nun3vynlhlmfawrn24ar0pshdle733vtkv43szxt2kq0,2.079,77551114922,1.555,0,502048345
pool1u7mqtde27swkarngjsn5mmw3sy20zavlafgqkmg8qv2n2nwga0l,2.596,18169853905225,0.973,12,103593459701
pool1vh4y864hcq2r66ak37w4dsnkhnsfxaaacs0p5s4vj5676m6txwm,3.167,14310188393235,0.991,10,1515823063540
pool1u8yequt4vq3jhajeegc02r3msnne6krayxuzrypaz8jkq5v5pux,3.181,47833294848485,1.051,38,10050954920
pool1ju8f57hyvaa32tp85r468kuedvmjmcy56f8u9968drea57p50l5,3.134,71326249884283,0.995,46,110881950886
pool1n52mcyvll6hw864xtqdqqyjwj6953aquqj0u4j23780tc0zc426,0.0,12392861078,0.955,0,3286087047
pool1qvhss6kxmtl27nr4ugvypayhvt4a4vzll8p9csdg2v8q7d22llu,2.569,19507430335625,0.997,10,50025000000
pool1lhvpgr8lhsf6h03v9zqxm74pa63rdxx4yuvkqfw4tv9fua8t37a,2.678,21321190964680,1.02,20,54638773676
pool1jufp9k6gmyusvch65ra8yk2s7wu6cx5fsgnltl83p93ejg6h3xg,2.773,21013875750162,0.959,15,547438259433
pool1850xvydng5mkjzkwqw6566y7e6hsrgakc3y87jrnqrkrwdjua2p,3.119,18872565596217,0.988,15,647431052920
pool14ajz2t680q2c7tekek3eqazhnapfl3l4w3cep9tnh9ym6jhph8m,1.272,1053423410907,2.264,0,3048675004
pool1rj6apcqxcvavaxp22f75zs9upphena7ntsnut2efvq98g4404up,2.626,19122558276120,0.979,11,257918171385
pool13qdkwy5y88ncr5qpjrh8hgtf94d0zw4wuhgezjg3hvlyyrh37c7,3.217,71356951466623,1.001,53,341994913167
pool1pemnlylem2e94xguhd3fytj90848kpv4agvr6rthx2tp58z79ek,2.919,16258917223199,0.989,5,255694991740
pool1zc7vxe3ymyej76h8wu8gm79chtt7w9c3adkza4uhrjvagr9w4zp,3.234,12936965180412,1.007,14,50135334387
pool124lm97s6f4satl7xz0ulzgg6tv30tskry3zcntwrz68n60v5yne,3.116,21771995662180,1.024,10,103795463025
pool1xppj5zu9kmuqk05u6dtd3dmtj7fl25cvjyzsc95gmfyjywaslnp,2.386,17416638134989,0.969,13,105925352363
pool18v9r8afalh50l4lstct2awdc3zspnvurcs7t45nv29uc2mnxc6c,2.918,14647765370220,0.972,13,434986163847
pool1vxvdypctdecvc2j7xu9y8h2fdxvkpjy2pp8luwg2h6dx5jlv0nk,2.671,14617095814621,0.982,9,202146915201
pool17xextu09ghdfcmsq83whq0a45geg83jxe4qt94sevu087tzdzkl,3.039,58995856495556,0.996,38,500649713549
pool18zf8txwv8lmtpq2src8wrhz0pjut5qft8h5tfxnctwc95r7jvvj,2.833,16726956301438,0.98,6,25089841491
pool1rvjj8cp3urh7de07pm0ceqha2x4lxws69lhd4429dm6djfjsy4l,3.317,33885361497677,0.981,21,10472127187
pool1j099ctc7kcc9fa78dz5qwsy2g0n96lrgletwxvxmyzh4zd7ck0j,2.531,19612237203778,0.977,16,97534697008
pool1h8fnr4vlfcv9l4jlv9epalghy3zgjpye4wv85c4rafpvvfztsk7,0.951,624887363420,0.933,1,284262970347
pool1ppqdq5yfkkllrcj0u47pakg9e4ha568pz3a9kkrr6w2kyw8gxv7,2.999,13550336349188,0.994,10,201804106269
pool1a3ekt9me035qgju0en2w39vjns9ggtewnc9fugsmpgczvgtl6u9,3.005,17504540229585,1.004,14,269921060905
pool1wm5quxelvgk8q50jyfznf9asvelp9zf0tk2wu4jazlw9yj4uctw,2.989,21234236093469,1.007,19,270204376852
pool19asxjgd6ah9ddzauwede4wpt9vsp6s4ax5nz297wt47evc9sn7z,3.093,57375870984842,0.948,42,7459561138160
pool1fxmancs3dmc9l0s7u7zrj8334m9nvzam5t5hnuuf4c7cjr6867m,3.067,10122083221113,1.02,4,118870235155
pool1u0mc9ywfxl529atxyajuz3pgqnwgnk6w7lejjmjg22ucvn7z9vh,2.792,14685302054464,0.98,8,25535710335
pool1duc76uxej6d97gjgdwxqy8lan2k9dxa5x5dqgrjwncfyj5p24ar,0.0,122548955367,0.716,0,5566624205
pool1devkrwcez409eqm07mr224qqm4a5t3efx3x7u046kct7yk4fxa9,0.0,5028336357,0.0,0,5007277957
pool1pzqdfptvl5f8vh28az37jag2wkfmqz9x8d6eufl8y0z9q34hlr7,2.699,21511885463663,0.987,21,1017566501451
pool1we0xjccr3vc4ypnmhzsgwp7sxpsytu8dtv0syeqmtrllvcex68q,2.554,22192854727384,0.96,16,200616344485
pool13g5ftmgqktfja04xwyd7yte8p0arelzyygndyfjr798vsx0cd6f,0.777,111018388971,0.532,1,2923606611
pool1kks6sgxvx7p6fe3hhnne68xzwa9jg8qgy50yt3w3lrelvns7390,2.973,22616235382062,0.964,19,92324946182
pool1c55n72ag3tz8g7rntzuu9a86u7eugsy008xl3xsje8kwgvz2vdz,2.871,57971245886321,0.947,43,41867527292
pool1vev89m93eu9t930fswf8ee2xjehwrrkyw7msdemjwl4ev3xaqdf,0.64,122515284627,1.205,1,56617325214
pool1cmdq8atcy8x7lfhh09vdumveuh0ywsx0269ur774nvzkyhma37d,2.864,19158184962936,0.963,17,49691665221
pool1gas95lqlch5pj5e4lwg78gxlq7km9xfurfd557x4tgwk5kktd04,2.987,15022120110976,0.999,10,1003843513369
pool1q0jmr57udknpq8k5qtgt5vgdjq9pzrzevf68966wxn8zgz7qy3w,2.424,23533574437536,0.937,20,1101460671778
pool1q7k8mmnvsgthp94hpn8jrnacjewplvywq70eef90fv4nu7gedzp,3.027,20608540192889,1.006,10,111404328942
pool10c9l3k0z50ytt4krkfet7w3gwpv9d9nq47kk9ecy2c5f2uyvkgk,0.234,580386575671,0.673,0,1056419191
pool1vdcu0y6ujrwmnv4u50j6upxkjug7cx7zsaynjvgkcm2ycmajelc,2.35,12386096334438,0.994,11,201481325606
pool1ty7lh3nvtwxlcpqg2x30fkr3j9ys6nprztr9m4zp3aajxyjk2vz,3.298,10827390947354,0.972,7,199781532759
pool1l2eyll8qvywzjrssyyw2cqymzdn2u88vujsu2lg3ph06zem2ykv,0.0,48666534970,0.26,0,3706369849
pool1fh4sh2telea0tfdy39h0drx6uq566yt9gf24edpz7335sclx39z,2.515,10132442155591,0.993,10,554921666070
pool142xwjhpcvtp7tahpmn8tlnek7smefp9wn66z67j8vjpmjxqdg56,2.967,71559061806421,0.989,57,5001075747549
pool1lptznmldt230m0ugku9ygx0jucm74y7sgmac4mu5x2x9jznr84r,0.0,85069843661,0.636,0,1374047457
pool1pn36hexudnjg6uwvxc5tld3ay2g6ty99ardzhn7crhkhzshjpte,0.0,27806682595,0.716,0,2449634644
pool1lqpymyzg9glc88r7urptuv0d8t2tu9ty7xtshvxmgpu0j4lp8p3,2.777,7588801713995,0.953,3,323425620172
pool1druxd2syfrvqvepxh60fz0qhralcesruphh5atujuh0jktjy0ma,3.063,8744807278561,1.02,5,509050832987
pool1l0m820vyqh5pp2yzpw973qzz23neqqd977u0uczh9fs9zqvg0je,3.473,70014991938752,0.975,54,68256499350312
pool19pyfv4xnln8x4l7auw0n0skk3hd97shun707hrw5d4s553ys74x,2.309,12900816188879,0.977,12,250000200000
pool1853ffwhtuka742fq4av7s3ssdpvzhdkpw53th3es36zkwrllj9g,2.958,13690541759532,0.979,9,131163571610
pool10efuydxjnasr0309lqklmj9xahupdnzqd59r5dqjeh4twz06tr0,2.644,11588412426432,0.996,4,300050979323
pool1e556526sqwugxwnmeumt9lhj5jukklg8vv3ynk75xt9vs7adr5y,2.749,9626313925709,0.986,5,500178711331
pool1mhww3q6d7qssj5j2add05r7cyr7znyswe2g6vd23anpx5sh6z8d,3.162,20747975847623,0.937,15,32949009424
pool1qzlwlpcsgflr9z3f24fg836tyq45p0kf5cnrp20s8v0psp6tdkx,3.086,28062762611919,0.985,26,10056630021
pool16hs0jxw7h6pwg3ru7rcq3yvg4csj7lhmcpj68kqem2sh5nt8mwk,2.938,43440795021750,0.985,35,1002830780
pool1v4xevkf7fx08pzy7atsk59dds6p0sdyl6xmhwf4mh79x6l5p6kx,2.757,7114357658873,0.989,0,511897629687
pool12eht6dqxpzqj87xuextrpufz2gxmt4reuesuw26r2utzw0kw906,2.844,14424926448271,1.006,2,148291484232
pool10hex9l4wjgqarvhr94xgyh9frv5lhtajhrj4dah0kl65jtws30k,3.051,51502487146214,1.004,39,23328311214
pool13pt7us94nw782t5v4d89sz8zqn8hcn8r8r7hhph5mvxvvp3c76v,3.042,11919953407553,1.008,7,425615500722
pool1qzlw7z5mutmd39ldyjnp8n650weqe55z5p8dl3fagac3ge0nx8l,3.235,27005281370701,0.965,22,10065132958
pool1zk6uxgptztrxxamzd0ugrtu84xg8mjymd2xcdvxqazpruqt9r3x,2.802,6124841138693,1.0,2,367575456672
pool1qkd5y9azf2xx0gmrj68lrkcn59ldjmnpzd3y2rq3tvjp2vqljan,2.847,12809174077907,0.969,16,162044082181
pool1w6l6rvhxtym5psec3mvgrjlg28d6hrv8g9jjexadzmxfgndfg2f,2.828,51191039621897,0.979,33,52994341285
pool1qzlwlyu92fsx94qu6u5nw3sy334f5yat3dv3jgx0grrsv0kp422,2.257,12125653356920,0.978,9,500025866069
pool1qqqqrwzy7njvjq9wph7usj5gghm3py9c97688ek8pgc7uem9cfz,2.353,9266775408985,0.993,3,150000000000
pool1a3kdettzvvlqvkl9m9hwe63ggeq5fgvz0twqew5c62dzx99vsed,2.533,10971188042830,0.984,12,101946574606
pool1s4hxwet8ezjgfjxekeexezzyu2zhg302hpex6f683hvsw8qpd5v,0.0,2007823514,0.0,0,2007823514
pool1qku2yhky7sv4dfjfv42uyvauhehuqevk25aw952d7ulzqzx3jcu,3.253,12403371500102,1.008,15,268549402634
pool1mkjtce8r8yeku0mmc9vpwl0scuwuwc8lz89ckpj3k0kwgvlunv5,2.533,13607871574866,0.933,14,209276829532
pool1w8ham64lthvzzxzn5hknq4yrj8xt2nark409s2xmntlwvt4ag3r,3.159,48374762454139,0.984,27,72622833834
pool1hjjj584gq0ynqf06g036a4a0stpm90asrdfskpasqjxf5948ygv,4.199,3735057437390,0.99,4,1160929916078
pool1nrmlaqy77txzd4lrayx92x76hmv97sldqgntqc49a820sf4ment,0.0,1583680622,0.0,0,1011593592
pool1qnrqc7zpwye2r9wtkayh2dryvfqs7unp99f2039duljrsaffq5c,2.898,39074280764515,0.979,24,1002829501
pool1zj4h7kc6v53q9r8x3fwzfuayf2frwme8u5k86gu0uzeeuvqxgul,2.975,9307506195862,0.972,0,25000000039
pool18j287g2sccele52hhxc0csk2ghfghwndqm9yahdqnhjks840wtq,3.498,6234334326511,1.011,7,55214688914
pool12uu4d74fut72kav7ltxf8ut7w9hzey2k0ee0z9r92f3hjpw73ay,0.0,25439346397,0.0,0,987417653
pool1ue4ngerz28nkpstsr5p53qvl5ulq3jtmllj4my0d0n28yyrn4l4,2.827,11306125606070,0.959,8,79424209670
pool1pmrgd8snhv0nnj97xcg70nqqhg0v9g3d0e93jl8vn23wxtsxz53,2.27,5751381932717,0.999,3,101144914077
pool1nhls8e9swnyshldgjknku4npreax075nw0ltrkmrarh4w3skxt9,2.317,6001662925482,0.984,4,104701988643
pool1692dxqqcsavymwz28w44t2jhyjnakvj4l3gwz2dqrarmc2k6dkh,5.784,1460443287298,1.012,1,86386261520
pool1a6ysvnx24xsjh2f6ehgmx7yu9q45fd7lsk88v2swxkek7pkxtgp,3.186,10234852621767,0.966,4,20441334874
pool1x0pr0y3hzlju5gxera9zt8fnxgzmqa4dqhm0wwu8ympxz37dwqw,0.0,343734222,0.0,0,200000000
pool1xaudqyen24fz02vhu9qa2ry44suzfk8z3lh7sc6qx7c3gpweww2,3.041,4747330892509,1.006,5,132031087148
pool1h3aejp7fln74mwaraqjn65ve3j5zwqr7wk0pasct87wpkv0aspm,3.039,6680256779282,1.007,7,1011179291067
pool17k2dpgvx8spkdhgf5j7x5u7pqjpvlwa76sugwen8l3xtk7kq3c4,0.0,26312628894,0.0,0,119467960
pool1kyt9cjwtp0sf8evu4sn7rumeup97ds5ul3kwz2ym00gajqvg4r9,0.0,672545907,0.0,0,491596099
pool10zpgnaflyf6hmfk97h7s6nk7l6q04xhfzgrw7uns0js67dj65ux,0.0,139962991,0.0,0,115398100
pool1maknvmsdvk240a7w8rclvq2lu5pzk906cuh9cw7j30z76ff257u,2.818,6956238547153,1.019,8,833717165988
pool1jyutduy73e5u9877uns3k9rm0tf4r24j8lrn4xtkjpl3q5sn5mw,2.793,8936430158983,0.992,7,200755679649
pool1jhzf2mm6zdlhl6w89uhgx8nq8p6ykcc86qq58vjy0ejyxrrksfj,3.033,44516813423262,0.99,33,803295399212
pool170hmssk80z2ameg7jhj5m8psnkjejcc77vfpd0875yggxhhntd0,2.859,7680708108497,0.98,5,152379202590
pool1jgwu8lq3dqddnnx7prymcgcyrqy0fdlghg33he2hmw9t2gma3zd,3.161,5455172145745,0.971,5,222523544260
pool1dmqzwuql5mylffvn7ln3pr9j7kh4gdsssrmma5wgx56f6rtyf42,2.619,6604944627394,0.982,4,1251713298161
pool1xn4kqt45xh3udf87kmtkdfz8xh9qn6trlqsf39eusk23ufmxhgr,3.08,46301278366924,0.967,25,5886040724702
pool1crts5gmqr34gsrn6wvrhfs9yqp0ynu8t2t4r350xp80s6pc56ue,2.389,11765152782358,0.944,6,35948380737
pool1n2yp66zk6m33sg8k20hsvmk9tw7xeeswzdcfxhnx9hm9jkxv5k4,2.493,7630606437014,0.975,8,106208849469
pool1j6490a90qefvsqxdurf99z9ld50rtthaz9ms6c8xh78s52veuq2,2.813,7717261410612,0.953,8,29695930420
pool1sr953s548fudyhmfm082xp0mensv2gxzt4qpe466ykw0z3jjzvv,2.992,5865346307114,0.949,5,27681472053
pool1helzgcd9sjm9xtyh9mw2wy06gekh6r52s6mx987q0p8lvklwura,2.874,5383570958266,0.984,6,32385504205
pool1qqq9tqyj69j9kygpxza3h82ynh8d0xlueucnu2yqum8nse8hj7y,3.546,3024892986478,1.029,3,54573012800
pool1l0pmgdsymmdntuyan4snj88q8nm9axemwefu5ymkuq2s6gr90cn,2.936,2631285745619,1.021,7,100417470131
pool1uq8l234306m76unyz8kuwnkvmtvazaks6vuvyx3a3khngavvcw0,2.161,7276639648952,0.998,7,1501685646834
pool15f9qklmaajysmwx9n3rkgc5s2g3rfffz4x8spnedtzdgq43tpe2,2.409,9523146708448,0.996,6,50026237791
pool1g4th3pqfzh4zajzrhlh8y6wpuztrkzxwt5wd7q578894j06gwfc,2.996,6818623010289,0.973,2,26441764006
pool1qqenhz258k5k9nyjull6gkzg7s4f3ae8v7qxwpegeef9v0nsy3e,3.142,4147580167293,0.996,3,71004398415
pool1dkww2vlysa8lsnuf5rca979zdsyr3zvt59hu7e420yxfunkka2z,3.15,4149325992461,1.022,6,41199289615
pool1w7pt822hfgw30xnkwpjzz0sr5psejksqdcdw4l0ms33lsgynp2e,2.626,2792758530007,0.985,1,101207813168
pool16pv24th2tzy8k70vk4ms35tff0fjxfm2dd2psk7cvs27wnjvlgh,2.975,30821847654983,0.961,26,10421795624
pool18hkq2t8ss45h4fkr92f52flhc4mpzedx5mcz4xhnpj0dzp76028,3.193,5312198066736,1.028,3,127875921426
pool1457cnl7qu568h98xrw8krfnjkhf05mfhaq2l50epwy36yuln20q,3.105,52520718418159,0.968,34,39497168382607
pool1cyq3v3v43hu7spwlfxdm6vq9djpsjjueerhlu5qr2rvd57vqk84,3.17,42784116963831,0.971,33,5949716334161
pool1mut4phum9hegtl8m2r68gpjh5x8w8t6zwf75zrphhp3qwwrrpgt,2.705,33563954506410,0.949,26,37218729867
pool1t9m69j5thv2ke9jt9hhsgxlag44z7erp2s2ukcpruwhwqarc9np,3.732,3286404236189,0.946,1,108862054951
pool1rpjjz68kmmetyxztmrstrwgz8lxf6v0d7vqgw98r5x8rc50jrdf,2.045,4408422213689,1.004,0,119492750574
pool1kcnh9avc9jgelajcja7y6wsvjdaulkqj02azcszjvm3pwmksr0l,2.528,1357924318181,0.978,1,102097210777
pool1k4ejdzlnd83l8f8xm5t0m4uv5q0tzexpm23f6cg7lzzayrquzqw,2.318,2707032224616,0.96,1,32165491381
pool1kdfznpenxa9wwcz8tweump45k5h78h8hl4slv78fdypsug9ypc6,2.647,6901029764926,0.995,8,34490531753
pool1l54qvzlg2jfalkcram9kxsa8vcmgy0fz845q5gptjq8k20kzg2r,3.625,2439921898916,1.018,0,171544453925
pool10mf43thtl3keag50mrlvqa78xkwg7harmu4w5yzr3k7jvw0ap43,3.397,4145189716384,0.992,1,401131543441
pool17s3mr9c4ejjfq20dz0ls9ggskc770kt267s9xmw93payzdswwgg,2.724,7865395487667,0.969,3,64540324097
pool1lxqewhueg4hzyad766zhdwsjet5348ww8mzejf6fprxaw8wfq5s,2.643,9127698941456,0.935,8,132502214323
pool10d6mmw3mn9ku3r7uqqye672dz3sv76lh5kvh5rdpr9l5ug5yknr,2.695,60551639907565,0.978,47,6133103681
pool1628y4cuysuspjhcfhmx3te5ctd2vhuak9eft757947zsz5rtx8h,3.869,523036568578,1.029,0,24298027735
pool154hq0j6u6ydz62mtlu7xaj78mhreyp0zsv2kq7f0qmne2fu4t7y,2.892,42151964824367,0.997,30,32317870399
pool1qzlw76zztkg02rywyypyw6s0gtkg2zpkaxhl6cq7eauqg8h9659,2.576,5698980309975,0.952,3,500022495392
pool1qmsck80ldwm23t4t5elxc857r82ph3urkt7tpyq65ntn2dv2ust,2.636,11035839754522,0.962,7,24185833146
pool1pu5jlj4q9w9jlxeu370a3c9myx47md5j5m2str0naunn2q3lkdy,2.434,5776330825189,1.0,3,280580381680
pool1efxh54fk0dj5uu2e4eu08klxl5ys3saphv3kec33kw3xv8738sc,2.75,3610813995706,0.992,2,50044798907
pool104avq7309gjm0fxms69yqusxy8zf888k4mamngg5vnc6vculpzq,2.708,34584068481913,0.986,28,1004645511
pool1yr0cv3dtmhcfgqa6yetvmf769ngk89e6tepecmjrmjl2jzcw2lm,2.239,7174852024351,0.994,6,167741604206
pool1ffrre548h22n68ln29xph3qezrag3z8ad0kg8yzu6epds3qr58k,3.063,2688978991353,0.996,2,310753685432
pool1jqw9cv37w0eewvdr36w2kacd2w9wh5uwm2y3vmc0fmdfc0ax26l,3.552,757797316257,0.955,1,81388000000
pool1xxvcz8dem4xufzn74v2y7fs709mfw3tpq963thzg5en5jrkv67a,3.037,1848552711082,1.045,0,100440294740
pool1jql92je87mrx5gpjhmwr6a8a766cktcf5p0p8wd0wxq87nu80yf,2.081,6043050265394,0.959,3,425365072296
pool14mm59ntjqzphjr6chrww639cdr3yjce4qcwzc5jkk38y22u7uc6,2.753,45619666208881,1.007,16,103652852246
pool1r2g9wv7jyt7haygrmrc2tst2m8m9ssrr3c690ffp49uhywhvmdl,2.149,8622282497798,0.956,5,819801518463
pool19q034g07ka2ltwc3wwjeu79w29nlafc0w2ppne5ppu5wud60rgq,3.246,4155524857475,0.986,2,72585741430
pool18872nzahx0h2f7j58pxrn5rjektn8na8p4amv08x2xj8qkht30g,3.025,3663238409230,1.002,3,232871094936
pool19ae6xhzsscypyha0sszv90xwjsh20hxecxjpcqynshfawvwxqnn,2.559,5240248478243,1.033,4,1262195962757
pool1dpu6kslgxlg3ccrwxldl8e6r7ylnq0yalafmucp0yc7k6qegtt0,2.362,8264112598708,0.942,7,31383825150
pool1df9rj4n0t3zlpak7xnh4ue6t3yh9zlw7a02w4l8askp77up25rt,2.817,4962929375557,0.95,3,279017712980
pool1cpr59c88ps8499gtgegr3muhclr7dln35g9a3rqmv4dkxg9n3h8,3.554,1718835918543,0.979,0,98464833527
pool1nwfzutmm6et5yt6mdk6d3ls57qfmwje0hwcepr3dn68mu9wl0pd,3.771,4516547252212,1.027,5,123417402186
pool1qqqqx69ztfvd83rtafs3mk4lwanehrglmp2vwkjpaguecs2t4c2,2.715,2965240565276,1.008,1,30800999483
pool1pk7cjkcdsawxf25dwml0ely8vhjx7wp7nqans3jwatanceyqae0,2.542,3635567080866,1.022,3,624315243176
pool1lkcd3w5g6s6v3hf6kwt55dqpalrmq9h9f3ec033nnzhvgjgl860,2.52,3661205629279,0.983,2,551441007560
pool1dxkf7k3qwnpgpxqfye8y9jvk7lver3fk8dq7c4dpzezyyx8cf5c,2.132,2154464017417,0.953,1,1229006141258
pool15d62znf04qymt6ve536tt5y9ky979ly4um5zmgz9m850vu7wuv7,2.938,38007923667280,0.99,32,1008429844
pool10jn0wjlh9y3w2ygq84u2llvlnxfz3lc4g0ssqlmpp3w3y2d2lw5,2.561,7438100681339,1.019,4,159779272192
pool19nw9emug78q4uxwr8lv0glvmmzwr6lhylgy4ztaagjsjvyqjylw,2.699,4091328058540,1.023,1,78513235968
pool1lqeg5d3jpwr3nvra568nk28sr8lttyr6cf4yyssdx6qtxea9nmr,2.988,43451612418590,0.965,25,50142267163
pool1835qw65tsy3x7mta5dfdmfq4mvqzn9cpvf9keaca0nqgvguk7j5,1.675,2025147919126,0.979,2,31804936276
pool1af7dmzgcyp9kc5lyrtrtpsce58l6j5cjvc8wavkwmzlr53ym50v,3.049,5421222234555,0.941,6,369983685687
pool1lrnyqdlrj97d0ju5j6d9xa8prw0xeyumfd53rz5wk3gf7czqzjz,2.689,3349951691849,1.041,3,139005798614
pool1wjext9skqge8x7z5asvvmezlal6npjk8v2aduavt6fehyzhnu5a,2.918,2879203936128,0.922,0,62451536373
pool1fqwnqk3phwa2s5thgym8dw34pv0z67m526uqprnjh93cvzxymef,2.893,32687036168053,0.982,26,1003650337
pool1t0jheek3yftf0a9dgzgr2hc2wttwrcjyd5whdrek4ggcc5famre,3.308,1920036959249,1.023,3,54162364631
pool1ccr56kt2f5tzjvztlkf8zhkpvaawkduwfye8ydsk646lz0m4h5x,2.686,1585352356565,1.055,0,290307818911
pool1dy7tz7eyf2qal2jcns4qwm4xqn34gc4rj9dz34kfs6zuju477k7,2.677,3736080226449,0.959,1,408972703867
pool1429egqgv60r3nxlp6cvs08qcffv7duddjvyjd0pt6wzhj7akda8,2.481,4894864721051,1.004,6,105897579850
pool10fxpa6wkv0wc6wcmahcnz4wvvfx9m7547sevxrge3nfuv7yh8m0,2.166,7679021537798,0.966,10,31745397904
pool1x4vcdmm394m9d80le2sv6wc66snp9849h2964389u4uz654lzma,2.427,1291415293911,1.019,2,105948453156
pool1pvu2zdexh8wr4ggmuz90jvqrua6an43qj9m9urs785p8kwjzqwl,3.035,41684358899993,0.994,30,103436784920
pool1c89d4drtwn0048mekkdkzllz559ahnntxelyw2mppxnmc36hjlx,3.4,34155523524818,0.976,26,1296544609923
pool18rhzlrv83a7ygj7cp5uv8dx07qkn5drhe8nh6f3qvhv66xcyj2m,3.28,36174016964647,0.973,25,52854330447
pool1r55hyfrd3tw6nzpkvf4rfceh2f04yph92fc462phnd0akp2s5r6,3.001,37407326705382,1.002,25,2862345409
pool1t8gjk7jzvujfv9s8q992e6s7tp8na0q3j62g7s4ppzfmccus4jk,1.958,4008043090384,0.971,0,426264247361
pool16e2x06wk8ufyakgrzq0c9p5tmfhl6w0c80raxr0xtg5g7aakhgh,2.996,5010846904091,0.946,1,663430300456
pool1hrv8gtrm0dgjg6zyss5uwa4nkruzfnh5vrdkr2sayj7x2nw6mjc,3.162,644864301594,0.994,0,102374640101
pool1arsqn9w87wpqlm0sre66gs79dcs0jmwulytgke3vut7u62lttu7,2.52,2714620004306,0.987,1,258221984076
pool1wxn9nsl8rvxa6r8e5eaak0ml6etfxnz2n9vqrmsw5nzgyexgkrn,2.73,35908050398222,0.997,27,473886261837
pool1nqm7rm98j5z027kdfcf09kunacz2w672xzx2ucdxacs954r5dul,3.672,849350801160,0.981,0,35408718687
pool1aqr4843pgkyaq6p2557vgnxsxwnj5s5em2xusf5k4ya4uzk3w5l,3.406,24125952121,1.053,0,20934970626
pool1ksh2u6kktx74ugv8jadrdqttwyjz9074ke82xt6j0qgfvdn43a5,1.794,2693029168728,0.983,1,504808442314
pool1k0xrqp03mn9u3q3sadndd6vu9udl5v38xpzyw0shm8sskuxw2av,2.988,40658016104566,1.001,28,102422031881
pool1y49e700dnx8lpvznmysgzw203mjq6l7um85ka4ys6x0zcwgs77w,1.997,4752178221558,0.986,5,68336499453
pool1v5u6wzakuc25q3zpx04t8gjz3rgu60wuxkv2mh5nga23xjkc86s,3.028,72161006212165,0.994,43,2222458925824
pool1ljqjqskd4f4zekzddw204u5xtzhyz2cllq5v5dmn27zdwf9c70f,3.085,52655095880467,0.985,39,52572014902128
pool1cew2q6pge250exctkq26lyl0w95923xxa54thd79nv8xy9j3xe6,2.484,3141412184894,0.992,2,1505516720258
pool18heqrjtge2emf2hes4mdxkr76y99zztkqk4qtjr9dul0vuur0yu,3.248,1711380995537,0.999,2,72415309916
pool1jsxk3ymqv2gdc6mhqk52544g2aun4zhq5wgx6n32l5s3jlne70n,2.861,2252685396376,1.012,0,47830631968
pool1vqm5n5d503uumuc89s5y4wuczrwe3tlgylt2u2uj7y276avr5pl,2.055,3019130049636,1.006,4,40014016333
pool1ezh8sewqgzy7267yvy0jssz8q7amce37x3dhmfl22j8lwz6wjrd,1.913,1844726558780,0.998,1,103959982078
pool1dv7s5fn4m9dee8ncvx5hktfmsnx6agydhn798rfdqjazuwr84gc,2.484,2211828466361,1.006,0,1768626192559
pool1grz62pdyyakffeymsjxpkz4x9382y3zhfa8zu28tk2fpqxm6p5l,3.062,744739190133,0.98,2,30578393838
pool1ytszp582dm9u5un6mevt9czgcnuqhflwfr9ly4ukpeqcughryqh,2.696,4771681680777,0.913,7,832135627566
pool1r8zkh6zns7rtpvwa466qf8a0dgqd7r9zmu27qkcyw25xv46y97s,2.344,4931732950789,0.922,3,74623216944
pool127xwsah7jllutuhen8vl7sve5278h7hhxtnys3cl438dyhuwgjg,1.576,2917006138075,0.957,0,2326744256134
pool18r2y72aue5nmv489xtnfxl36vzusq95qst6urd87yd5hgzms04c,3.321,255274912315,0.986,1,27432920417
pool1q9049mstrv5czwyylpf3xen08pmvsfsgtru4wf3zvc9uxat2sm0,2.376,6622002455682,0.879,3,50040072584
pool12wpfng6cu7dz38yduaul3ngfm44xhv5xmech68m5fwe4wu77udd,2.161,2337749403012,1.021,0,56856047863
pool1nt65pu06tlggjeaer8862fdju98ddrrxa9wnw3k4lhfvgrrgt85,3.276,4174575226547,0.923,3,25018871166
pool1hfn7yuwfyhmmqe4qpaxfewuly7cnemc6kqkv5npytj9vcrskh6j,2.178,3259171449037,1.009,1,50099364876
pool1c2wa8326fulnkq42uerra78pue48pdwsqru2dhp5xrhsgzqmlsc,2.56,3845470033051,0.977,3,52882168364
pool1gx6eawfvnhckevmlzhfz9j3uzj92j2wgww0mdd2fu5d4zd4wvaa,1.446,2709952868350,1.023,1,103022779383
pool1svszcjg5xaxt5mq7ue2llm26ndt74dslvev04g6kwdmvyf0t657,2.668,6424937241941,0.9,6,119278237856
pool1f8erepj5w5nth5xfxgxnwpz59jzywt6zdwfr50jzjwfwksmg9ek,3.0,34440692534406,0.965,25,1008522850
pool1gplusrfxc087ep94rata3m02qpyqa6a6g4wezxf4fwwnczzyg3l,0.0,16003165664,1.795,0,15401310000
pool15j6hdfel6c6zcr8gu39qgp5xkrs264yn9hm8ynhaydjtxvmznxq,2.787,2914040052605,1.017,1,21834250587
pool127gdv243hfcrapslaqq0nnh64u2gts72gtrt4888g6g2z0zsu64,2.234,1699291082437,1.022,2,103206586383
pool1hw3cgyx7tvxh2fpd46k9sqgruu5pfnzt4nxuyv2w7nlmusutda2,2.236,4163339141208,0.984,6,43664480565
pool19m547w9wkcqm5hcstz67fly4ucz0zsp3dqv4n956xyusy4dlpue,2.558,6133931217738,1.055,4,55708035621
pool1hrfv7z55k4m2q6ghemu56r3zkw7dt5wd5xay5yw7an7p7aw33ac,2.846,72700384526,1.084,0,58461484333
pool18xykgvvvxej2e5ap04ks72d8fdke4qsqeh30satznyrtj88634d,2.162,4180921005539,0.998,4,1242724251445
pool1j8grqucdwwcr0cwzxrtw30vqcptg0jdlrmauq5w7ytvqx6nf5np,2.957,3101705566954,0.912,0,284726710334
pool1prc9hna2mgamtspchrygc66s9n4tlkvh39e3t9zccef4kzc3ns2,2.527,6403737702456,1.019,3,3284004577530
pool1tdvqgy6mq7lx7d345e276xmgmhh3s4zj8dzu6xzq5m7rx4tzkg2,3.116,58538402376964,0.991,41,10421850771
pool1kcrr7re05pwesye0zh00a4xxnsrw5c29rd82fn4qecdcqu5rue3,2.917,2328887351104,0.973,2,180337971344
pool1qzlw756y0z6ehg9jkerrfrydr7qlvzl5pgset33h3h2akst593a,3.498,14005953802114,0.986,10,10001979702
pool1lhz4gsk5ezdl5s4mv2kxgrkhzzhad6me2v0xmwuyt845vensdlc,3.111,72404570113972,1.013,64,201601114458
pool19ygh8apuc2qz0u9kr4wj9qj33xhw70n7z286xll0g6ltgccuq42,1.957,1967304174143,1.041,0,147615756500
pool1axzm26vduyuxgw0x9ddh4vkvn7q5hyd558l0t9c08p556lf2zaj,3.028,49154744238442,0.97,26,11374206402337
pool1q0memmdw4ktr88fkma53tqgkaqeq3wfc476le59rped4cu8tn4h,1.506,3060275006056,0.967,1,33648075200
pool1c2utlagkpht4zj0jetsf245c258geuxnjqp9kf4f2z9rutx9dz4,3.263,2169254770093,0.967,0,118893529637
pool1pnzwgsgzd6t4788sfr7dxjyusepyq9xaxnpyfcngewqf29t9ayd,2.512,6182986400201,0.967,3,152782329170
pool1smy2r8jdvgna5ykhe8rrch7h4qalyfafyzyh0rmanmq0jxptww7,2.735,37980838027178,1.002,27,95211292281
pool1xwqye6mlftwjg706acz5fjqz7gmf4qdye99zsjl03a4ru68ghee,2.05,2725813065640,0.995,3,707831922728
pool1jxv3my3c70e8pfr0cgm6esatehey2ml3v0qk8x236aw32eu0fcy,2.182,3324491354972,1.077,3,207739458648
pool1ntwurms3f0j4kqe5wfpg9chlasylp0lmuw72m4fn66vnuyrvs8v,3.073,1244654177156,0.974,0,223812723002
pool1sm2kmdn4f9rat3kl67y9drqcnnqc34zg4f4ufmnrfaj45gcv89d,2.405,1392975616596,0.99,2,149512366534
pool1jqssxka8hu94aj6f4w3s8l5m6juqmx0hk3ges48jfac6zngmkh8,4.753,99497637557,0.913,0,28991347356
pool19ut4284xy9p82dd0cglzxweddfqw73yennkjk6mmp650chnr6lz,2.241,605472923963,0.852,0,127457731483
pool1k6altfangsst2mmxg8a9wvg3dppyszu8ckfzd3uv6azgw3z2txy,2.177,1616481639704,0.929,1,300443364988
pool1vc8jhqtwjrjwsfk6a0enx47hd2ufg98c34ta6lvl0zv0uhpech9,2.111,1863144838045,0.939,1,96486231708
pool10wfvyl284h0eyzjtwndh8kvu36lqvptusq4nxtv52pmazpyvfud,1.794,2426829440402,1.068,2,175074447860
pool149d5lzg7m6susau4f4yfdztgkty34qrcdpvd3ygsetmljgxxf8g,2.814,33327419605260,0.982,29,586518742
pool1ex7p88tnq3d6d3dsqtlc3632tp2t8eurc352mwf9phu3w8n3vz7,2.264,925839171954,0.959,0,83738159194
pool1vpa84enqxhh5hnyypeqfshsgqhnjfzyddgq7z4tfmavh68c9s9p,1.509,6120249876671,0.989,8,78188934194
pool1yet04d4ykpp7me8uc2jx2glxrx88kt9uhmv6jeh7xkmtu5zucna,1.986,987992291755,0.945,0,250977179447
pool13l9hxj5dke9yd8xrxtfdkxgppj4wdyy52k99jded9f4kv5ce7al,3.067,2483849310304,0.943,1,51417052360
pool1rhq7qyw4y2s80gstyevm6rhz2lsdsrcstawunxx5eld8csvuvlu,1.851,2571205190812,1.003,4,25041076998
pool1efacpnedlfrhe9sa6s4jzq839s5q4qdrl70em0za57xg6t38d3s,2.114,3652330759578,0.991,2,152261529542
pool1w2hc8xqzxpjw7dxwq65krmq79zswvvdmsgs8p04djwt8vm84qmv,1.958,1880270500448,1.02,1,397057513238
pool1jdhjfcu34lq88rypdtslzwyf27uh0h3apcr9mjd68zhc69r29fy,3.063,25498708925412,0.99,17,1002830907
pool1fu69ry8k9qxfque9hng3lxcq7g30pykg38mtahah8x4mzpgls3k,2.139,2501133326879,0.918,1,27157118045
pool1n4fq4gw6snzqjep3pylj8dc6aaa4xgn78gl58k360dqdw6a58g8,2.107,3557992166340,0.927,0,128120217427
pool1g5k0fks847av9zdayg05htnj8wx0ah7jmnwwqlt63rjdzyjr93n,2.453,218049727621,0.973,0,213088973070
pool1g3ssnndd8e7lcmstkjl9ane9mup0eshv3aklg63u5tznwl4ch87,2.905,64645424106304,0.987,42,3067599382
pool1uthdnav2zc2hxpg2hyeyy545lnxtl8lqdcdqxjm0j8t5srmyvzj,2.733,37760415513912,0.961,25,3022366253080
pool1pxw4z2m0lmw422hr32dwyy3uz9436g8p7qdmg2sl2w0m5pyk3yn,2.176,4411494489802,0.909,0,33184754696
pool1lskcfz80qg2kr2p6776kl9emjn8ulkqsqse7um7skz4y2lwa0cu,2.798,52922701866258,0.995,28,11854167962
pool1hmtm4mukp5gs7fgrp0k997lveh4psq9qpeqa6ldugq9nsfcdxmp,2.482,217004509106,0.977,0,97961204280
pool1yy7vaszhqx7h02rp8ey0p84yy5zv2r2awzddzceeaurrs8klzxt,2.696,515471338889,0.931,0,42427814802
pool19n5ml38q5uedy8kgwwwtlsa3p9tmfcef0lfjp42k7j9d5mpgs2m,2.343,573504950857,0.944,0,25007189128
pool1ferfwtmcjm9rxc00ugtdwrm9m042jf4xjvse6a8u5smxqt0pwnx,2.742,731800021073,1.052,0,597580148340
pool1mcvq2z34f9cfdmkd97famsh20ekqtndw246ny5e8ug3mxfdf4zq,1.676,367052167597,0.933,0,258483821305
pool1mxqjlrfskhd5kql9kak06fpdh8xjwc76gec76p3taqy2qmfzs5z,2.936,44258824500684,0.979,28,5000552940147
pool1vxz0deezj5c2950e7arpzfqxzq8zd9kawsullrzjw5rsq0yhxgr,2.864,35075125107557,0.966,29,92883975071
pool1gqf605yxhmyfasdjhf8yxcesztgzuek9gfuvy2dnyj5cyp8zga3,1.665,1193458811655,0.977,1,25005862718
pool1telljurmr9xs4z4ux7e46m9rgyf042nhwqewyf5t97xswrzwvsu,1.742,48809499466,0.945,0,35059043866
pool1twd9vvegn3fqq0f4n08p3aml2ud8q87njs49900rycj4sr5hhcy,1.14,4108451765801,0.942,1,63345690647
pool1g8w64u3sx9mrvhwrdfvysw4g4wnffkjfp5zds3ur6svwzdhwhx9,2.487,4030295611591,0.944,4,38344684160
pool1vtdw9ec95lw0nj8uk0sgf6ahy7qk2tfjz2faegea7wyl63ejtqp,2.839,855976583710,1.387,1,50867233213
pool1p2ldp00jsl5l9xpg9m77zavhqmw7amtg5nlf0jwudlu2zaq389s,1.136,352862995533,1.012,0,344526378938
pool1kffetqjt06qvk4995tz3e3q9h3c8cdq9eedrz8qr3ynnc63qckz,1.931,1358247576364,0.927,0,55539435355
pool1zwqrrwpr5zx7c3f4ukpu4r4fz5c2hkwx9vwqka5068urgqvpjzr,1.682,833471775784,1.077,1,40000000000
pool1udt98825znk9uslz4v05gh5cd3s5e4g0cd9c4gzhcfpd2j2xm2u,3.615,113657626685,1.14,0,33920108104
pool1up53z2kadt6l5xs359ckx477rpyvyg3favh25qrhqt2ujclpq3h,2.912,53713207911683,0.983,32,13411961759
pool12u28yewx8ycf6dj77lzpj6vvhjwp6veh6kxpc63h8fqnqqtlwmu,1.387,531171690786,1.044,0,91352738839
pool1f4rs6v0cpsqa09ueddp6hhl8xwdwtdqglvcuce26srxdwmzxl6v,1.556,2621026703413,1.0,2,200415352712
pool1gm4mcrf8mytfetsj6ykulrmv4j70y7fhceawgdg2h09t5rtt7cf,1.843,2187167038899,1.004,4,1077004089490
pool1hsq2jrulgj97tna2femdhsfn2wurkkwt8uk9uvs42h9zs0a783p,2.776,35801003268616,0.972,24,83377360797
pool1kv53mzjwqjp4aw48rczj8vm6hejwfnfwa634czyx5tw5qq3tata,1.466,690618481821,0.998,0,64852137410
pool1stvux7an3kp2p55na0p7eec2e7l66gqcpuc7yu9cx5242g4j2eh,3.187,306634594974,1.254,0,71853135825
pool1ea34czsr90yc63fmv4gj4tetp7ds7c4jhpj6vqg4yw40wvygdl3,1.874,1064357624157,0.984,1,25028186678
pool10p6wd9k0fwk2zqkqnqr8efyr7gms627ujk9dxgk6majskhawr6r,1.57,3338831555092,0.973,2,558336873937
pool1dqhaw0h2f4ehpdhh57quszcj22qhkglhg6yvaf39w3clxdl2kpy,1.676,2716340501464,0.98,1,61747151016
pool1m83drqwlugdt9jn7jkz8hx3pne53acfkd539d9cj8yr92dr4k9y,0.604,651544748480,0.985,0,129845316478
pool19k4azhj8tye5wwy5pfj7q6m938m8fg5nglds5dkhtfwnvcg3s0k,2.948,343846414476,0.946,0,39213592409
pool1qzz0flh92qkg0mjufaw9j2zk72lmvf5n2kuaslk4f8j4ze362w4,2.75,1107187313805,0.952,0,207704751015
pool1ulx9ennungrtcucslrpz93cze5fddlg96h0wwj83p6fpsrvgz2v,0.909,710617775334,1.048,1,334495718667
pool1afv4cmmjdkujtd5r9t63090a3frwwqy8f3e46gz003vyzjcj63r,0.0,1550639443934,0.939,0,325984286964
pool1x0qm7xsyh2za3ltprxsgael544je4hg8tc3q3v5gv232z8jt4wp,3.409,65899791106443,0.968,34,15038078743
pool156wg3relgtlhwu55z3wpqurtaprguefe9tzrakhuqyyc60553au,1.498,1208735075477,0.924,3,558585922531
pool104v7kzpq86r0wnfsz8r7jeld2raap92qq84trjcqk62zyh9akqt,1.65,1566261205238,1.015,0,71230806376
pool1tjr4zpndkvwkw3du3fvt59f5men6jhuevt7rpx6xw0wcct5kl04,1.03,1167890276956,0.998,0,117477835178
pool1nss40t2xhh7ntgp8ca73u2xd8kzyn3dgtf9jfh0y57kxul9zt82,0.0,97917969883,0.778,0,11291657147
pool1p5ja48uqc7pjnuqvwu7cgmspvx938qpnf4zqm0x2k0ngkh4lkjx,2.761,30381219344796,0.968,16,52621543553
pool17dag45ldepvckqdxvvppwdy4w8qczsz0awtutqyj2pzashn3ds2,0.0,1064656764205,0.97,0,65834490040
pool1caulv7s08g0jnptzdc69qycptacu7fzahny2epzh7sh9vhqz6xz,3.116,22015819924500,0.993,20,1002829501
pool1gha260s6hx855p49fc735w78p0kcp4hyxl8glymp5k5muk9jkgm,1.25,1322272289341,0.988,0,152345729539
pool1cuqnuz57puz2qd3enr9vtkcp7z92ge4h2ks6j8zzknztx3283q7,1.323,946446572204,1.039,5,42412365664
pool1lr9vvcf5r5jgkgv5ly7z2lh068ymzg4xmqk5f8pu2k23vt25x7a,1.603,787419388851,1.046,0,323578514268
pool18xysavc2dazzvc7xaqyh6t966zlawgupkdzyfc0yspt76ggxw6g,1.369,1771758170081,0.997,1,1213338590457
pool1n5ytegzw3enscfw4t8wsjytrz228agvm9c3xaarce7pgjzftdtx,2.245,171334131735,0.971,0,30513875432
pool1my7sevxtc4dfvj626q0ujqqukntfa2v0uuydq6wd8x8hvml03rn,2.108,261317163796,1.006,0,60362607488
pool13ws3wf9skw0ngg3aze482tdxqsnfmvf4vgy46cux599mxm8n27g,2.198,1220841118660,0.976,0,857389177759
pool18jrsaddmrwtrdycydmk3zv0fxawnv0q8xh7f6fyp2r247zz9tc5,2.056,1353918590557,1.081,3,44888236491
pool1ax8znp3yeeh0udrr2vvtm4wkxjldwv4mywycn573km7fu20y5xa,0.955,44488202876597,0.937,22,50006869846
pool1l8myd66tqjk75kh7uk9k8nyl20sd4qs33s4tzzn927ujyl7ahyk,1.491,1279045314852,0.98,3,411502853353
pool1qq76dtlr0m9g6xlvngzq550j86cgtslphyjffz3pgpn7wazatdc,1.156,268903490499,1.011,1,209766348634
pool1kvd03hq8kp0hnxq9lq598a5amrvauj9m386rwx7ydawvjdskwnh,1.384,1958839567557,0.942,2,257638128883
pool1n3sjq3qvu5vvcd6aud6ndcwq7r3ghmkafcg60gznlwfrk2ucxku,2.644,1537633314656,0.978,1,33984447615
pool1g0hsnjnt0du3kp33gjua3npncngr3yg4ak2zfdhd4zvmy6r8hyd,0.941,943417323427,0.994,0,471543164305
pool1lzupr43772kfux007sdt02vlx7uzmfcplrwmxntdztxmwv9myrj,1.568,714736512596,0.941,0,128032202837
pool194usk2h8vcq6yw89xs5asrvw22g08kcfy72xyfrnnkg6qrhtlfw,1.784,1915733542042,1.039,0,251108556122
pool1qznyv8g4vxv8ys05rs6dgtzutqc2z9gs6vq85vkn8uq8u0c83we,2.163,439804100270,1.061,0,326987692845
pool1csrtagrya4hc5pectc20s8s7am3e6vpdjj6antqzvn2lgmm5afs,1.238,858967492555,1.069,1,513147648635
pool157e2zadjusu6esf9mmx37nf63ep2gazdeln5mh04ylpcvz59g5c,0.502,538671264947,0.944,1,306170789224
pool1jezf7dcx26edfpxmpuh05yen64a9cj44xm2ggsapcxrtqewfek2,0.83,1562851631695,0.959,0,1088749409683
pool1fcgm2ae0j3rmvghwa2064rfxcvugwa2qt89cc4jwtj0ecgh8na8,0.0,37035769508,0.0,0,22367434153
pool15ty42f8jmnd5y3ys5km3y66cy6emnqfx6yfwsm6ral0zwrs3ktj,2.086,817901446052,1.067,0,69915849787
pool1k468tmpfxqexnwyf3y7e3syglyxzmuqggmjm3cc4gy3skmm557a,1.374,1272919903651,1.01,2,1145609949591
pool1lxhlu48gq0606mj6k20mh56zz804zf7narxvmty4pd3mgee65e5,1.214,202109932507,0.929,0,170600378989
pool1rzx598y7rd2ek0k4x557cnxffrtjuj509evyj53mk7yajppymde,1.987,41028264813,0.997,0,25039673785
pool1skykl3rncme7qzwy0t55wk258h4e4s9dyacrm3hnsya3u3k5vkw,2.657,164575288662,1.002,0,55881592275
pool1e2tl2w0x4puw0f7c04mznq4qz6kxjkwhvuvusgf2fgu7q4d6ghv,1.675,1049059923995,1.005,1,115500420261
pool14skj6e4rpjanzclx3fc880xnl8xafgg63tmw93t9xspvwx985qu,3.132,57518535691532,0.975,40,3002029584
pool1ha4z9zne9z7he43qf0tzv9pdq8cdj63xfrj8s246u89lkcwmq7w,0.636,264898864128,1.011,0,100008254024
pool1zfhww5y28t303z6uyq3w47pkhfmxww9dsn89vrxteplg2zjkekl,1.676,1164087418331,0.992,3,155500044324
pool1qzlw72zfwhhc0ptvzdpld06szu39x9mlm6782efy6sluz932fx6,2.43,6454243519005,0.967,4,10001967599
pool12f2r9xf4wvht030xwjhpjvy5yptr275qr2qcydnx57jkxyfzz2w,1.552,608876835822,1.007,0,386924679007
pool13pclvkwxee4znt7qc55k8ny89zvdkvfrt04dtd99zjm5vs2tws5,2.718,30674192930923,0.978,20,100830072616
pool1sfuspqv9gyqn65vwu6e27dp6ju7gmqmgsnasqp6zxp6qqlzlpfe,1.117,550466781533,1.0,0,36472676961
pool16knnvtezwzmgpnu8v03wht6y4u7mwfc7qz6y2yk62w4as4qymat,0.501,1211298361949,0.988,1,50360879107
pool18qddv82sx8p22uxzdrf0qx9lkewxadlr9ef45kpcf7dzz3n56qv,1.885,1018096257804,0.902,0,224808858543
pool1yemdr25t4g3ev038yn433dt58d8p52nee7kmcykjlhye6hshu9m,2.94,36199124113994,0.98,25,32055307096
pool1e8vr85ank99g6fx2r7tjel2mh2jyfppnqy6nmp8vr0arys65n05,0.433,736226174853,0.974,0,76915531057
pool1jm8s3r3xq4kpawavy096rqle964exle3lxwnpvx62wjnwadwd5l,0.619,126803627003,0.926,0,100659754509
pool1h9jr0f9evk3raxlljq6mt4gj7ej4v82afvnlc2wh28rwy2d8lsy,3.419,518816055192,1.309,1,17269656051
pool1c0xj2fa97zuz4phld87atg6yphz3hju409fm5xgnwuuvqww25qj,1.399,1801768951005,0.964,1,69527709781
pool1etfar35l4tf6vam3gvqf5dnaq7levz32vgw4p00jzk7q7twg2te,2.948,29590046467196,0.999,19,90845726692
pool19a88drt8dx3wu29e85vcl96wjsjt9vlnlj5tr4ydjqq86sfa84w,0.577,1821632187287,0.903,0,1286072883776
pool1ft6jvmft8tg3lwzg6wfsprlex3ncuq5cnckwycavqk5q63jhrhv,2.082,1150367950717,1.041,0,28613463872
pool1gq7zwmtpnj7wufnv97xhx43eqhla3trc3803r3rcwppszc6vh9y,0.457,2913285125594,0.999,2,21115957809
pool17mr554wv653z4ttr3rydt5dsxg6r28ysu5mlz9cc5ax32gsleh9,2.563,458732191272,1.103,0,43995719743
pool1k3wpsc8q8za2qeptx5kv73r76hs5gvp59gga6ad6u5hnj3scy3q,1.003,80054073587,0.89,0,51730664532
pool1n2j7zmw69gf3weqp3wae234p3lykjks49c84mleqgmnmg4jht3y,0.746,122834858398,1.009,0,50104002307
pool1sghwg652uwe7ksmk5laxxft58j6km6prahvnddk3s6zgxek5qen,0.78,259932478290,0.922,0,110054302823
pool1l4synes9s3swlf5r5rsfpede3582r4km2wd94xctceyaudv9zx3,2.003,308127051708,0.877,0,37943631783
pool18p7p752cjnf9z8g70ygkre5cstwmgfatzuqm0tm3n2xf739j8k8,2.43,798646439018,0.887,0,86787566682
pool1llfrhf0htc528jcmp9dr2tzsjnt93y2gkjfjn5znjh9a79avwv7,2.306,304265825668,1.303,0,150000328166
pool1uhy50u9y76nd6z2xmzt3mta0yc7g3gdssef8lheyyg7zzymgzm8,2.924,21029972806376,1.001,11,1005635623
pool1ls80gx9sen3qc7s6c7u2ajw6hk8faqanljugcg5tfukp6qscetv,0.734,330174016077,0.979,0,50554519694
pool1lurfk0k0wwx54hlg8a7zp3jtstu57u59aeq7aketl55hknmmtu0,2.914,21862879689307,0.964,17,2042815905723
pool1qadgwr92pgx0yz3u9n63f0s9ugryaud6wxers850z6sfu06y3rg,0.935,307173056893,0.968,1,54411670096
pool1r0sxz0hygfc0266lhdclve6j3cwcwlth6dya6uey65yxjnwm7qc,1.466,496848497611,0.958,0,224546180911
pool1cmaafeyy52ppz62jqmsm20c5p8nua7xx95lkkf96ktmqqj3w5td,3.059,72548376524955,1.002,48,5001074741331
pool1fmcv9p7vv754rwc0p6ud2mgm76vnn0gq0gngrk7rq400vsvhsvs,2.877,30068295720492,0.988,24,80954153296
pool1jx4ss2zjage3cw0wht3450328y82yeprmq4fr3e2qtac2rhezkv,2.886,27517068744868,0.994,20,89140519732
pool1j3ll2032rnaqrrzzq0j3e540d2ga50ze82s9083tnfjyz2a7zdt,0.0,104311076033,0.0,0,10149440445
pool1qkt8xdcvw7yt4mzhjscqkceau4039e0k548veu4fvaz4vrdn0fz,0.0,16506289546,0.0,0,10007433185
pool1w9yeaaadjz9563tf2h7katrlujvxnywda8el8z66h02ckccx95x,1.662,1672459541072,0.91,1,62158228372
pool1dj4l8qma9zzqqzhsawdkvxrs7qyqyv70kn56ywdqqazscvcqvva,1.152,695673211813,0.846,1,51477718900
pool16cnz5x84vfjzxtsdg53zvly3vqumkjpshpl2fe5nmuyl6srx4m8,1.293,604705889774,1.02,0,300296720753
pool1ynxx88cq0y8vg8yrq3jrw6epm7rq9a8859v34sq9lzjy7ztg90u,3.006,55892260619634,0.974,48,3193325773
pool13s6u5zjngelr5uddhqygqqf5tcup0g3ajenma6amy9zuu7e97gm,2.665,336698092961,0.892,0,244664744654
pool16cdtqyk0fvxzfkhjg3esjcuty4tnlpds5lj0lkmqmwdjyzaj7p8,2.318,678402898434,0.891,1,82322026147
pool1e9tp0emvvg9sc4ds9h4nhwk8qpn6869qwnas2qywu9ep2reaaxe,0.6,598992714917,0.989,1,216771315314
pool1dts0h87pntgmsffp6mjtnahfht2dz5zjjeeujhzmtn6wgctcuzd,0.694,340298520151,0.963,1,276506416064
pool1ecvcst7k9eul4ggnljh0jw2s5nc2tyfmyzsx3xg3kmmz6ptgfwj,2.974,16977703222962,0.996,13,1002830191
pool1xj5f7a79lnc9v0gjn00fkf2lyzexngka59tpcew5rrkyqveagpt,0.672,793763829206,0.892,0,207294373608
pool1psr42v6rvv3raeqsg9ru2zy5dp4cchlde8hw9xthrpstx5wz7wk,1.8,694989909932,1.055,0,26008063610
pool1zkuqlvymj4q6y7r20hd8c5tp0ru6emcca7wf34c5dawjukusvzr,2.23,324158030678,0.947,0,40001509443
pool152ns2rs77pscm3mtmnymhwsvq8uglcdc3cvucvsc4jkds5k4te5,1.093,823682086284,0.837,0,32737360219
pool1xlphlhnjvfeh40vcqf9fdewztsj6kyxq6604kaccpv00umjfu0d,2.37,24862864636044,0.951,10,640644372191
pool12rs385dd534g8gtdtmnvlhq63whdvc6vnuzxa5cpx843zdy73qy,3.043,20610479936415,0.986,12,646676292
pool1f297l6rl99h5v56x48j4pgza70ya3lm37yzu0njpcnsljqdd4dl,2.329,386058813601,0.863,0,50000000000
pool1ddghnthymd3duklvx5pfunymqg29xe4vlmy89u2efyjdktn33kz,0.322,245514721138,1.028,1,80653818911
pool1h5jtxde8j86qrnqzj32ugn480u7gw5xw8wqy5d227rl3vfg58qz,0.175,886645722716,0.994,0,133373718143
pool1jg3fmnmc9n52sgzslhhvhye5e3xeqmrwkekdhh82sma47r47zg0,3.18,17514611797762,0.998,12,1002830473
pool14u30jkg45xwd27kmznz43hxy596lvrrpj0wz8w9a9k97kmt4p2d,2.644,20189065340368,0.966,12,36092594123
pool1wyfau3rlkckr3clr4mkyxn9vdlrkup0fj7uyyflfccmms24gm3a,2.426,23546907237552,0.989,18,682722315
pool1fg42yz0qpu5jd0gd3g5xty4mm6jdxkje8szag8h798nyyxw6zd3,2.653,26905205290339,0.988,25,100765516789
pool16w2mssm03rrk5jzkcvxyma77zcxx4vsjhwz77hka33gnsk9j47n,2.145,259548035527,0.93,0,25025651720
pool13zdrhek6m4n947grhrm0772zt09lrm2vzkffsla25e7yq6xqjkg,0.965,164429244239,0.902,0,50648820942
pool12kdg7dmdfh0t9hmy43pvl38ftu5dvppyn86wgkc4jq8557xkyz7,2.188,291980333129,0.944,0,33016123295
pool1kkfkdces5mdcyc9dn2hgg3463jggjvw3h89nejjarkz25uavaqu,3.465,17406907971804,0.982,6,67541733536
pool12g6gfm5c4q7rzwwxdmh0xdxk07tyvujp6d9tke2m46k7q7cz7p0,2.93,66058281522079,0.975,55,16144216642
pool1gztqypddgmycs0fjat62k5f2kt4zjck4l4f2ffrsmagj2w8zkq3,1.744,2061779897260,0.735,2,192062557280
pool1c3ecg6h4m73a2mftmdm9mz3gxklxmnzuwzl9e38lzd4y26qcm8a,2.55,26036802735678,0.95,17,439934653243
pool1tnl3yxmj8848vq6meduhz9n5520a7dwsh05r5gfyvlatj87k3jl,0.872,224650551355,0.945,0,62359962273
pool1sjqkktr2uhgpu2tuy8hsz4eupqpup0r79yy83weu3hk22na5c7w,0.684,243270072878,0.938,0,30004878163
pool18mgmqghey8az6duffc6e9tpzwxsquf00wpkl0jr8gvqxumkg4m0,2.402,288825990644,0.916,0,16587869469
pool1uqgn8wt3qwaextmmurmcjmk3egwsac6sunyqtrssrdeavlgpyr4,0.0,98833139473,1.006,0,78050676141
pool1r5srulgd6gpav0sympqrkt9f4ykl06lh9sgk0p20r54v7759kws,1.393,1056907004250,0.933,1,75816835879
pool1yff3j4xqhmunrccjsdh0u9qxrws7xdqhagjx5lqktklwj67u5s3,0.965,163321271343,0.962,0,43348802468
pool10quq4wlghwrvmhdzc7geq22pyhzegccwj56ax2g8hx0cjfahufs,2.729,49609058397818,0.976,29,22487647040
pool1t8dkgz58qcqlak6nn5l5j4qqwvewwmjx85fxtsykk6w9j2e0ng2,0.988,706156241609,0.912,1,157317672400
pool154sjkrwdu80wp6mnjvkwk55aj53l4v37z4zwulfak74vcxg60x0,0.59,262552623121,0.827,0,76845005605
pool1uj4u73qgtprqre78q75fq2vkcrpfrcdreqcqkvn6u0m2k6nk2yp,2.857,54310592333322,0.951,45,2821788080
pool1zkdaju2rjefa52uh6yh6etsxla0x6aqs6p6wm245y5szk7k3msd,2.002,3620242693504,0.993,4,15378463236
pool1v99msed3jqh4fd2qyzdn0t2qfmh3mv2cnfweatl85mdhz6l0ewc,0.57,444848496473,0.937,1,35798556126
pool18pnta4kfff66kq5shjrdsdr8ce2heu38t6x5nv7hylrcc0hpksk,1.269,1803623404561,0.914,1,1170491861633
pool1uqrecfnsa6pqd2tz60r0lcj4kunhc4rrw8lldrpdvfx9qfjd6n0,0.83,484526088920,1.051,0,66835733207
pool1sx4e8rvx2xdxgkww2fpjtmvrnaftfrtfge29xcn72hh7kch5snf,0.596,406003854697,0.91,1,33243371582
pool1h0524mtazrjnzqh5e4u060jsfk8lpsqqjfpa5gygjwuhqu34wvt,3.143,23385071640157,0.996,24,76770675704
pool136ahugdvaenv8ed0d3m9af4dxxtzu7u3vpfq4mxk7qq6xuvd0ca,0.0,384729448858,0.984,0,72135167011
pool143x8nhnr3j9mpzvhayuaen0y8l350guj6yd8mhmhhuupvuah3hh,0.842,673868333352,0.975,1,76736324515
pool1whk6lawmfz4zq5fw8zghglp23452gnm9zgs59nqafhpexwcvute,2.947,24727835914273,0.978,19,175079314552
pool1ph7yvr54xthhk0qun2q3sh36hsmzas5t8jgw3j0xeacrxa70fjk,1.352,1770758892441,1.091,0,1752472462387
pool15r7xg0vrrv2yu8wj3866eap8ftkuxvdk5rjz2lh4xajjq5v3p5d,3.208,17416871130079,0.989,19,1002829501
pool1phdz6sn3xs9fyytvhqpjc945jytmya6j4v8l3v7ksyczzdplawf,0.18,236010285950,1.084,0,117801463894
pool14hsxa2zfwzvy9ncdjwnx0xkcltjmdydeayxfju7suuuewv0dnke,0.0,73312625183,0.895,1,66931688803
pool1j7ge435yx9wwwmfae6lqmapjxzrucclrhpvr6d4amldh56gncp0,2.099,192765972127,1.427,0,108078918984
pool1qtrlex4p7s2uskt0p9tldz3eprda73vd5ngfh6fam4sgkpmazfx,1.846,187275728209,0.925,0,21431780480
pool1wrjg8fts9cus0eq8jyf5wqsfe64e8tvrquxgff3tyze4qal4hwq,0.825,190006118251,0.945,0,38480339917
pool1d2cl6yayuxp0wv0v7dtvu0s52vglg0x4z2lz27d6x4ewj72nk2a,0.0,82821760257,0.851,0,40000000000
pool1n7eagzjgs3suervkql229a8080j5k68x25jkl8zfxxtuu6802lc,1.858,559829800816,0.836,0,54846586802
pool18gysxqfwz4j8rm3vlh6677vs9n23prvfr7gwe88mhn5uudgx9ng,0.0,16261597922,0.665,1,7387136558
pool1fn8mfqp4jt6097ygqrze5rjzg3y5s8fktxszqgs9mg22jvr42dx,0.469,151935957804,0.876,0,46765490919
pool1hnnfvsq3xlln6vz7d2xmk6kqekd5z4ctmfpdad8g8kr0yk8kdfd,3.126,22930855722507,0.971,11,1055673651989
pool18kqs8hf26zpcmxz68lqqya79tks4y7gg3ua3msgamq2vuphfc2z,1.932,305616316589,0.777,0,28576997848
pool1ea568m9q882n0tx5d4vxff2dmz2n7rq5h62hx5ystq625m4tcfu,2.739,15598172723485,1.016,10,1002830858
pool1z39sker5renxhep9m7z8aae2yh56940gwykptfcf053473mwy8t,0.54,392941486533,0.906,0,55655390647
pool19xyfanyp28j6j07dxgwdjp0wur6seqmyyu64qgzstzl7s47pvpj,0.941,217666614690,0.892,0,46537563269
pool1ywpt43nttzjd7883wafg255mh0hmjypwe65ercw6p2sxg5lt7ez,2.748,52124880776490,0.957,38,2515045821
pool1qcdw8uk5d9ehldhccy926u886qhr07xa354yrkamdde0qku53nx,0.0,20956151910,0.956,0,20049691585
pool1p9sjhjx0v3k76wvgdqu7jcks2ra48wqlhc6g0mkewd25k3zcymy,2.985,23076309351863,0.988,20,175353712327
pool1qgmwcxs8d8qmr0vtvsqd9u8gugrventh5dcqukmu79e2sgfuu8t,2.589,23056464052436,0.959,11,103357446829
pool1gn5txrx7ay0pxs7cj70ewxpqx64sqnptnkc4u3zghxv8y2y9sxr,1.259,456725197456,1.007,0,80658924522
pool1fk7lk6x7j6jkxuvl0het8nmunra4g7370mw29f286dv9ylegutq,0.0,135265807369,0.979,0,64348518261
pool16cy45uggzv3ah3s5m960v9vuxlx47sfnezpszuhcwl99z7nq8kq,1.689,137460745354,0.856,1,30520919978
pool1yrqqa03ea5fdh5hnap99k4actjtj6ypeeauuwrvf8d3zw9ywvye,1.361,305412006705,1.003,0,126388728394
pool106p2jjwuwagq2as7cdzx4y6cyc2pdj7a3h3vv5cvkvnskegff3w,3.527,13034854014327,0.999,8,156717362167
pool1gwnu7f7qgaruxph8gn3u28qphvquvnj63elyd3r0nndacj9g9pa,2.843,23707953707240,0.991,16,74989187560
pool1xmsdhync6k6grkkj7tuycskjpseykpr24luhlazl5nsngsy87gm,2.841,50294533130827,0.962,40,2821401942
pool1nl74emh67vuyt8cgv6gwhjnrctxgrpqlrdzznj4l3lh5j8lj3ah,2.548,24496008992655,0.998,9,80168004639
pool107qfdeg9wlpt9yntg7650kzval6ahl696jr2ca20763ukzr0tzw,1.224,337067525784,0.825,0,73352654297
pool16utp8esfwwpwf4fzlvtulugtdj9mapt42gdwza962pk8q2f45yt,1.822,124129539100,1.049,0,21153572436
pool12mmcc4rc2fzfv7gyv8h06nvnsrm3m7erzdv8x6gzvjxlu2lf09n,2.987,17017818194356,0.992,19,67505718558
pool1ddywudgudfaphp8txj9qf7alj3uk6wzyd22u7cd2myhyv3lyxxx,0.759,1188245534594,1.077,2,580638214594
pool1uzla0r73fvpnvxr07m98nfzlxcv3q26mkjz00cqjfh7uqsyjkju,3.031,17620330363165,0.991,8,67448305441
pool1gntlh2yq89tpsd7kgaeuremj3s60rscqahyl52qzv0x87mt22rq,2.672,6835931158694,1.014,4,28392158554
pool1d0vm9y545l3y2g9pamx45k4e498nllhd8wy4289vw8mt70am2r8,0.158,297580347183,1.044,0,90054572706
pool1w6vj437xqhlkasuhc2td09jd6vfem5e03nhhpn7yqxfkzrkamch,0.863,373618152902,1.054,0,346208549530
pool1xqhn3wdee79vupy9nzpt0r5gtnkp3m5gsvh8yeezfs4js9c2050,0.636,200329102684,1.264,0,49172931817
pool1vuwavngz2hums4ll34z9afdjkn826wnzgy2kpmnynhd0wr5qxkh,0.989,340479658103,0.91,1,100024479949
pool1qu09ve95eqz4mgygn8a85jhhpce6578lvfvs3ltv5flt5xv66vk,4.469,21185896589,1.49,0,13700535847
pool1yjlmvfck6a2mhup4ljel06r635e9lhs0qsrzu6f2luepvsd42lv,0.994,896406985875,1.061,1,889023635791
pool1k99yncea8tq9pfeks3yymyj6fwjf4apx0s490j09m4y66vtyufr,0.205,858765453985,1.038,0,78257375021
pool1chtam5czevzk2ttctvltpsc8twlwf6zzyh7kj3jkz72gks975sn,3.111,16145021396145,1.007,11,1008473835
pool1vkngxunyagwen690yn36pa2v6jecyxgeavl9nva9dwzhu22fzt7,0.293,916360170720,0.931,0,25701210047
pool1xytvsd9qnvqxpthh9p8k85e823trvn3npxeur8kr9zhkqz5uls9,3.441,73096455608377,0.996,67,503496744263
pool1ng3vqzrhn3z45yjdscv3q37n26g2pj3vp99rfkgv6225y8lqg8j,2.873,47902258762380,0.987,38,2713138975
pool1xrrrr8gldqz8pjxj6j8c638a9py04xuv66kfgn2dlsx9g52te0t,2.949,21182854971868,0.985,10,84315774281
pool1us8dkk3y8j00qq5kscxxklyzwt74jgav226s2rtgaqxek7h8vc8,2.665,20711705729339,0.996,12,3024540277
pool140x77a7cz2j689lmxf836qpjtc3y83rka28v6gpswxdw2mag62e,2.886,17543217696194,0.996,12,279321902897
pool1x2h98z6e5xvrg5zw3v3dlu8hqdtj6lhp6r3w5ge7rvcqcx3pafq,2.77,22082298423217,0.975,19,83038361503
pool1zvm45jj5wz6kgfr2xfg75rx0auzxaedu4ulddhnrzk4uwuyuvpn,1.714,94677316245,0.777,0,42340505781
pool1rtnk3j8jv0wl0qz2j8xq4h5yeh0uvw3xj738fgl6wc4scxenkgz,1.064,150089969437,1.003,0,25895969650
pool14w9tn4w30dwd2lfv4cwjg2a2e3ukfd0nqrydx37fjzf7z5f5jnk,0.256,620507662641,0.961,1,50047147794
pool1vfayajkdc0gw876lax5va6ygpfpsd8kz73k4y977emm3clnxlm5,0.753,666059705487,0.945,0,50093708030
pool1nh9j5qucsddxkzn3m4dm4gxkhwtpya4wm4e0ye2u0puaqgkcm65,0.0,650117403022,0.88,0,281526468420
pool1ekcsyzwexl7p2kwxxh34hy28l6772vrmff7jwmuxsa6u6fzty9z,3.034,73087991232631,0.983,61,1203914058432
pool16l9ph0cm42qk4h8wqlka3fw7ws7rvnj5n59xzy8ky4l8gnudugk,0.0,91715843528,0.412,0,4866471870
pool1jst7rrhucnp93hepezv5yqy6fx982xs2v0udwfc5ea6my3kfak7,2.883,46525017830429,0.973,25,2673741252
pool1gqk5pzqmrc9c6030m5sj2s3560ymm5ymq3hqjmz6vfdmx4mw5gs,0.0,274531855560,0.897,0,26004966207
pool1xdgzul0qespnz56zzrckwf4hcryyql9ypc4tya2dlu9a22h43ag,0.442,369562106965,0.989,0,125763936890
pool1tkexntwvhg0fqs2xnm7xg6ljqzjkpk0pl4nxxe3nf48ux8nucqy,0.0,318605998551,1.017,0,51854141020
pool10qrz84cvz95zg8saf43ruhs5ulczuuqm2d3jn6d8xkkkzgzfje7,0.0,1834423923419,0.678,0,88770663337
pool1cd987kw92e3nmjywcfwfws79a09rwp0p0xj5mdtr39qukxgp9uf,2.741,14327365289022,1.009,4,35493566283
pool1tah22gjtc7ntrdezv49hysegcwpzafea35t6f4hn3wr2y4hz3vz,0.392,378187483534,0.874,0,301852882542
pool15m78a3nfcepn8ekyzx6sa8yexg7cqseer2ktu26f7l9jjq0e502,2.949,22664408650529,0.916,16,3204990319
pool189vq6ay0gku9tkqc2t3nfjk3n88mm23grmfas852jruw6fjlkaf,2.884,24490110647235,0.986,18,53627047395
pool1zgxvcqf0dvh0ze56ev2ayjvuex3zdd3hgxzdrcezkx497mv3l7s,2.887,45913765156812,0.978,39,2690907398
pool1ua0lx5ap5tj9f5l7tyjflp766ca5yu93djh5hqvm4e0kjgw5k7v,2.993,11547018315088,0.983,7,66014391010
pool1azwytj96wpa7hqmj5adks6tpw7rhnwdqpf9hkgyy0mwdxxzxz9w,0.661,713648459351,0.853,0,100500342545
pool10xmmn972gyza7nj8q4cyy0vrpn6kqzmdz2ut7ynnc8d0ycxlvw3,1.361,258926566700,0.793,0,112785201263
pool1g5gmej3cj67td4pmvmacnls8nuq0gjld2pwfeg3jwpxujdx6lmu,2.802,59915183621336,0.973,47,6553485554
pool1prwcf5nlqz4faek27x2asyjk50fp0hf5tptumzlxpuvtqh3ulv9,0.0,1655720669439,0.827,0,150465364733
pool12l453n0jtxqq88cgwgr67z06ldyhqqvwxgkn0sgungjfvhtp2el,3.005,44875707938338,0.946,27,2731829642
pool15yyxtkhz64p7a8cnax9l7u82s9t9hdhyxsa3tdm977qhgpnsuhq,3.127,73137768015765,0.978,54,327703485546
pool17pv7m8h5dxsyt55upay8n8ake2cgcz4mcr737um2tl8d2wthzqr,3.398,1756191191743,1.005,0,5092100195
pool1dy3dc9kjne74s6fms0w08ulfafjn62zmkxpcdpy76f3dqee4dtt,0.822,102936391305,1.269,0,22741055325
pool1llxh8l0h8g9ghz3nrzh7ndvev4x43vnk72nsemzm795vxqs6dp8,2.943,17972326799174,0.995,12,80284071783
pool1cvgz7kkxkpgcu903hggjtsg97myhfmze9e547cwzsc55j2ch2wz,0.0,49997946710,1.114,0,38925665311
pool1rthy0xp2syng0cydp85wvz973szmq2ns8u5p4hdedkwlyhry27w,0.0,14916963606,0.448,0,3858031524
pool178j8pevk04pay4lgz29c9y52k30xql7uaj5zdsqzpa9jwkuhqn5,0.333,485926824833,0.844,0,196490325005
pool1utqhj9g53a5cwg7tyd8neky7jvjlgzuf470adc0e69cp5uuquzx,2.556,21820755344948,0.991,18,89940211079
pool1cmqpzlsrrjup8zg6qaperz868u64dlt7uvvdszsr658mvzz9qq0,1.666,1606917462091,1.062,1,41111248481
pool19ejln2jcpg5dphc8m5nh8sya49sycsqj0v2cjxw6nku966cc8nu,2.809,18233768918088,0.986,14,81502685615
pool19uynx6nxcdksmaqdcshjg487fap3rs3axyhrdqa7gdqgzgxss4y,2.973,16683405667371,1.005,10,80344410626
pool1wz27a9pvd2jat98s375lxaaj7qxy405km4vzp83wn5vtwp59kvh,3.148,10522199141276,0.979,10,53320656956
pool10capak8jppvj8h46e35xdth6h22pahtr3lcgscrpa06jzv0xn8w,3.027,12356717437331,0.981,4,104874548088
pool1g6rm3p7695z7xfhp629hcsj09njun2fnsz03pjrshw8rgs7pluc,0.0,89551515540,1.027,0,35934850323
pool125kh7e0y9lwya4sz5etmsk7hvga9jtfpuhw00vz9zvk6sh8xh5r,2.914,3383156352241,0.943,2,60248608153
pool1spus7k8cy5qcs82xhw60dwwk2d4vrfs0m5vr2zst04gtq700gjn,3.027,16017929439265,0.991,9,77162510354
pool1k2yfr7tapqzfgdn7vq2u44225rtqxctelr6dp0xjqggrwnx9hnw,0.457,293307583051,0.95,0,27032577818
pool1nwddjgvjrke3e2gu6m0a7y04alhgcx4egec6dd9gahr5sz0p5u9,0.563,151251243254,1.054,0,61530808335
pool1zn4wnk52kmfjy9mw4z85p6wn9kzrn94l9h5gys8r2k2w57mdnhh,0.487,167709202682,0.781,0,87667065691
pool13wtywenpwvg5snncx5zvxevvry85cp3c9nq0xlxlck9l7qh2spx,0.487,338078563589,0.991,0,311610420584
pool1dqlgn7smehsnj5ztz8almy2036lfhrdjv79nmg9tmje0zzt620h,1.635,2325750293434,1.027,0,10009997363
pool1vjjrjt5ez7d7yh385vdxl83mxyg36as785cp5l50d6wsjqdavax,0.96,87258908766,0.831,0,43632804490
pool1ahazpr2yz5gljk2m4q8g7wnmq7m2sr9unhdfmr5arhqrjnntwdz,3.108,73106313559665,1.004,52,503356199084
pool1xk0nt3wmlyfp0pycsd2hwyz5l6uusttp68etzgnvaf2ysc4f3hx,0.0,263547867742,0.973,0,65725677354
pool1f6lnuxzw90mmd399nxqjvzyyxgmf4h3cp7j6pp5s7xmps86arct,0.0,105651912294,1.394,0,26109315031
pool136q98jnwt093qle4ph86vdpuwplg7gyvt20h2nq4m6ksv8xjcuj,2.884,60367752163610,0.994,32,4617373835
pool1jv4yvr5edp7qp690hk3qfudwmw28n2wygjxyhaecqkzeqh0wlem,2.731,2218930590112,1.068,3,22476014357
pool17gvd032slmxg267lp8rwcykkfa52txm8ylefhmdsdkytzugrtaw,3.107,745162731446,0.958,0,23708773267
pool1lnr8t7pxvq3vfg8c5lc7yjcq39haws4ntu28xpxzx4zyya9ntny,2.908,60328022899496,0.946,47,4480090236
pool1kadxtp5d8lf4s0jz8qens8gsfsptahf6s0ynjtvjussmzvzzk8a,0.278,281398033454,0.92,0,237445497447
pool1a6v2wt0m8wjra80zuw00sfdxn4w52cna96gcaglzvred6gnsusx,0.349,1930669472237,0.953,0,101484251706
pool1akl30anedgzrf2pxnuqqeukt4p6992lnnjvk0j9rrr69vtqka7k,0.406,205934743614,0.804,0,65197829793
pool1g8y2gz4sk7xhyaj469jlj3njyu5dlvqa7t7v9c2gk0yc69879z8,2.67,11265623736550,0.99,6,67338596432
pool1wlmyl6csyc5m9sxezcladq3ttty4hja9mue63dwdh5g7ymucukl,2.895,20385195798949,0.903,8,8672927037
pool12fr472y9lwzjy055gpuvpxdy5slpe0ej20pykdeatl59zg9ren2,0.295,280949879902,0.834,1,57947276400
pool1j5ukjmhn96jslmcd6k3ymj3vnjf3wpjn9sarhk7m7vtkv7ll2w3,0.0,29007148672,1.055,0,15589836198
pool17wph2uu643wykezxmm3ef3a8shg3hwyq2z0sgpu6r9sc7um83d9,0.0,90778082034,1.276,0,1646749478
pool1supp67ypelmgzuzqqvarc6czgmg3ggwpnrnfr90xpfcqqf8h05t,3.407,5935230466832,0.986,3,65904984620
pool1vzpakzvtx46t7kpla6pus7wpnskeprdlrxc3snf897tryuzfh4v,0.0,177337487907,1.14,0,43099695036
pool18vj02k4taarxxsdr36jxftcc5x270vsysp078j0n3v0njh0dt9x,0.378,217611771620,1.09,0,26217770895
pool15z87p296y3m7eq8pwuu8qs6h2v4d2ctnx3yd2vqpl6txkkdvl5h,2.131,3960019915330,0.984,6,15400289647
pool1g0nq3m3fnvd245k4favcvutn09vce0yshg535f68d2xa54vy0cc,2.706,12159307282427,1.0,15,66580596701
pool16lwqfp7cpvzwn6mhu0gj3h4aa5k6j9my0he4mgjjva5f7vvnkw2,0.0,249471398537,0.766,0,30002476629
pool1vnsfv2qpt5gxte9prupjey8kw7ap7t6c8lc02ks4s3gtqplhgd3,2.576,9819234347455,0.984,7,66172962592
pool17p8a9e5ljeucdvmsl62a667y7lwwx9xzwzjulwu7df2q7854mh4,0.0,87764497622,0.703,0,36474258684
pool1yzd344e32exxzjnjet4l466zcfnte5rnzveywvztxdxug2yu7m4,1.21,51538922537,0.832,0,51538922537
pool1y53awxsm6cmksp8qht8qfq5f5c69t6mrgrdcresk5y0ecv2yj93,3.031,8290906119967,1.007,5,222576721079
pool1nchr83fc0hrykvhlnh64n3wlt5vkdu727xjep59znrwzs589jdd,2.954,1089298773478,1.013,1,12352424377
pool1cc76kmtcpf6vht32ya5ke9er74dnpy4jh5qpy4klqwp87ygdsu6,2.355,11970735911586,0.963,6,571318477121
pool1gpz25s2aasmqnh9tg8a2rxmyxuvmj5s779htxk295e9ajnzjflc,1.511,1087799280059,0.989,0,30210997182
pool17qvfg2g843gw6lurru282kkex6vp3pyj6zwj99j4u6k7zvmva5a,2.712,9747235311832,0.997,6,67036651175
pool1p42f6kw9lkgw5tn77kqyrc22zrs4uq298p468gacwzw6gq0ckq2,2.661,1557743568579,0.996,1,10631188754
pool1rkyc3ss904h066sffergss99r9p2kqa4k6ds0g4u5ud4x7yaajd,2.795,7740952675319,0.986,4,65570766003
pool1pcsj4zltacqzdjefsqsyysgk3hkrusxdp4uyt0delernwcusn2g,2.087,3035312587369,1.012,1,16950067311
pool1dnszy9spu7m4u9s8jqh95myuqapujwcju593eqczgl56khllyuc,0.0,199122449579,0.456,0,109556841333
pool1th6xh9uks6rywerld5aya0gc3yswwrx3yus9zvehyqaky5c6utd,0.0,202843414759,0.929,0,118098261951
pool126f65lklaqw39jgx9wl8klqtx99evewxk0x5yc2jzzp5wfs8fde,0.328,220516122476,0.768,0,151492133485
pool1mq2q0fjekk5lt8j2krryf5rvwx5z4l5l0r6afhhj0mtg23ylyuk,2.733,22442989082793,0.959,16,243515541886
pool1e4tjrl3ve7dcqwa70pexds6f8llk0txx09gm3r4m472ej4p6473,3.137,7745588067253,0.989,2,65812524529
pool1yyv7vx5zhhsd60jp4tl72vpznwvpvjp35m4z7jr42ugkxmndyv5,3.458,1639581428092,0.981,0,116238529659
pool1uu35qfkmjyxwpm3pgptfgr0qga9j2fzkc0tsjplcx840x295xj9,1.989,3090636439220,1.03,4,10004084409
pool1mukzsec605hfk2tsx4r4xd2rjfjytua8puge5pa0g82rgqm0kt9,4.19,49076405116,0.791,0,11272081420
pool1cjz6kg9a8ug9uk0nc59q60a67c2628ms58rd98gq587jwa2x5qt,1.827,8343994403107,0.907,5,36241943765
pool1gppqnqfguctp6gu0q8l5wjhye0ny28yzfx93hkr384cfsezru0f,3.285,4932019467898,0.984,1,190418416504
pool15v22rpfg6qx9l0gx0m955gfv7tes0jpa9sy0gjs3a04lv6x9jdr,2.958,62551234348504,0.999,53,4000000
pool1u4sxd6x0qsy7evljt24vtnyhpxd098n609sfcmly6c096mr3jgq,2.299,10092462832776,0.979,5,184034551705
pool1venk342j5dqg2a9ue6nnv854rht25734jqaxanngqtrjk6m89um,0.51,165267729002,0.792,0,108176898786
pool18c2qgn5fv5vfhsvqjvn20j943qjaegs0dylgpsmmwz2lx03n76k,0.228,320803141568,0.521,0,39345830849
pool1wn5cmtuzkgqfnh6htjplu7uleq5qxk4thc6wtm2fjrgmspqutaj,3.511,301436822194,0.974,1,10730746672
pool1jf4kt5qvyx4plvv7gna2y2f7xsjh3mt2szk2ff23ryd8qg826hj,1.691,2167030114134,0.99,1,10000000000
pool1q0a7a94cfk4ph7gugj636tsuhhd98l2sfjv2adhaff2mvs7kmtl,2.538,8599055735605,0.975,8,1002830397
pool1s3z5qsg75dar26ykyzcz2u8wc2swgq7pyp7f9sdh5n06qh3jhq2,3.1,6155978616899,0.975,2,65458912965
pool145dkdplkqke4g0unzkjljeh2wr797d08k2jv822rhmmc68xak38,2.349,14146615670343,0.938,12,5631969519792
pool1mltwh4elef39dkuuz058lgfuvx79c5wcnz3szau3arhsyq22ace,0.0,91738653832,0.507,0,29706776326
pool158ag8p06qm4apd750ekep6een9cdldqsq434ll2mp0ykgunmguy,1.707,842710187841,1.009,1,19159911043
pool1xvfzclnwf0jyc9ekqmamshha9dmw8mpzd9ykgxjjpxnuwdv6mzk,0.231,313816231485,0.749,1,60004087606
pool1ux4es4p8kfq3u4nax564ukcte2vzepsz68dkgg24k7l7xh5786v,0.0,11108503567,0.0,0,2387517549
pool1jf32ru0d9mcre5pp7yundjdfcz8qlhmw4f5cftgh8vkqy8scj09,0.0,180371510396,0.746,0,33896118157
pool1jfpqnr6yepr8g7pvnws7y4wyp0sy543gzypm8zds4dv7szaf9ll,0.0,37608514205,0.762,0,28085615683
pool1ydmetputlff49n9ry5qjupemx3xwxdapm46je574afxdcy0907y,0.0,159381608185,0.947,0,100041373636
pool1a2ffl2d20yransp2p4hqys5vy6hys8kmtchdvlfqale7ywxssjh,0.0,41299369436,0.735,0,371602833011
pool1ccyfxwl4nfy0whmcmhxwn066lnrguja33ayjrg2mkdvqxkuzhne,3.344,71446076381,0.67,0,12610064629
pool167zl76srpt5a2gthpsq0ye9z4fpray5vsh7xyzcn63hd5mnw7fa,2.401,9943800202717,0.987,2,1002830618
pool1vs689gkmqtrljtmcwd2690nzqm2yyq23wk2zzx5g0v0gs5ug64a,2.736,14726243017875,0.986,10,754349226870
pool1hwlghkwnjsjk8370qt3dvp23d7urwm36f95fmxcz3np2kghknj9,3.261,6337623104236,0.972,3,50012827571
pool1p4a0vuantvzu9ysk3w430vgxjjfa95g0uz2sw8e4tltjg4jhkwz,0.0,58306064630,0.942,0,57240808282
pool1vflcm2fde9qyzcr0lkkv4httte3xep6sycasrtaxw6rt2me3vwp,2.502,1498650590614,0.948,0,46591802285
pool1qu48wpwwarmkewhlwge9xs87sgt8gdnqq26nnre2v6c8up4fxwr,2.964,12167222549389,0.99,10,231440532868
pool1ujcu3myfg9wwvdyh2ks653954lamtufy3lefjs73jrr327q53j4,2.885,13164201123286,1.004,11,73323249158
pool13daql23lkcwwj0gsz0dnu9tu20pugpswfped3kp05ekxkgmcumt,0.0,132078927873,0.601,0,21378622696
pool1pmm654jfx088td54ekkkd0j28x6r5gnjdhnutzggursrxjnpk2y,3.029,56120894448533,0.98,29,14028987119
pool1qa0t2lecmzmvzn6z7lzc439wvlgz0x04lvnqcdyzv4gywz3qehp,0.0,427530607797,0.396,0,112042785871
pool1xtrwqwu6jn896szjwsyxxjczl6hc9sq4lh5ax68f7dt3gc0y9rx,3.365,5251419485474,1.01,5,2500000000
pool19gzu2dyp0g9e0nsvtg34fdhrtgr8c5jq37nscalqkh3hsjmas69,0.0,140700715515,0.831,0,15982158957
pool1y9rdlv5tksudwrx47afjx47grd4tyh24zccffjtp32u0cfpegvk,2.805,21371427116079,0.992,13,134248144875
pool1rjxdqghfjw5rv6lxg8qhedkechvfgnsqhl8rrzwck9g45n43yql,3.126,44478605516870,0.966,28,2364810586
pool1w5ws76te73pjhep4zt8axh2r6wczm0220gp49fmfnjmzvtal7fe,0.0,86981604308,0.464,0,27924469125
pool1sdvrd0sxh2mprqc3m9zmvrfccavzpz9r2uancg866hpec7nnt0s,2.151,3736539716812,0.875,3,24512660587
pool1dhf4dt395f0c0ujnscazvzvw73ynzgwvtf5k4y9c907hwjdyaq4,2.457,14200433130055,0.994,13,51446341952
pool1larpvn53yyufaf8fh89nrrpgruqcq8mgxrtdxp5y87cqse3yfg2,2.83,11010114826393,1.01,9,74802786086
pool1fmf707pca09wmv6dc7ap4kxf0j648374ruu6ahazhpywcngt780,0.0,66809448074,1.033,0,42327632513
pool1fr8ug253hlv0pt4sxu3w20r03pnpkh2wpedegp55t8nsx28rkma,2.748,837081716250,1.019,0,11660190898
pool1ddgcpgjcyawxw95se9x8qnc8gxgwjr4fqrk4vk6v9x47s0ggpjp,2.41,5276753440433,0.961,7,65494548525
pool1nyf8x2xrlmfqwy9shqrlx2csentnzyjmxr0r3w0ljuaqz5ek7qz,3.028,5646401664187,0.984,3,65596011047
pool10nw2295p9xkwtzpm26ewn79v3m2ez2yztjzqusc8n6kqxrja8wp,0.0,77927585929,0.724,0,35491345181
pool1gsrcrjm6ctkquef6m8jsyvplv0j357hupn92uklqdcm7729ytv6,1.238,2003026120249,1.011,2,16101088332
pool1rct5guwnp6nk9f4ldn5tr3s42j0nm5rxeayv56lxua5ck47ex39,2.806,31296624305702,1.014,16,70743664535
pool1g6g2d09le8hd6nv9jhyavewdnw8tu0ndst4lqysd00ru24cav0a,2.871,5508598977956,0.991,5,500376528347
pool136wr0g23dw9daekuyqtgk366vywms6meespgpm3hdguxqczaaug,3.502,5851121987943,1.017,2,49312826428
pool1v5g4rmkk0394q6swgfusgzjjzrv9ajy8qntgpuumegka5xhpgam,0.0,72724668586,0.271,0,52351736242
pool1egentg2usje0r8ez3khaz7v4v5gzhptnajasaa3pkvj8zqang5d,0.0,45391433687,0.56,0,35063059559
pool1vcwsfldh4gkzga4mc6p86y0vytkqfm9e2dy44hs00v34yeqnfaf,3.203,70015144468676,0.97,49,62194631
pool1q66d2n39uvln4hazyzv8fyq977mpqus78sjd2369qfn7cptdeyh,2.6,9605347832430,0.981,7,72286740498
pool1sdare7xfd6tmak8ghek7kwgpgj6xzu0reppmw4t46rmcs0h6vr2,3.109,70002231072636,0.963,60,62194631
pool1ff8xnapzllnlwh3zevzktqmjx5dhq2uxxz4e4xnu878xqgmfghx,0.0,184924388387,0.919,0,23706408712
pool1ghfmak7eu4t6f7ep8jkspt586l828z54xnxfw732yxlngtny0uh,0.0,117857503666,0.137,0,56174799440
pool1k0xa8wlsntmjhtw2shj3tspqd4kjyquw9tuyx5s7zz5jsyw4y2p,2.608,8392603792969,0.902,3,3141489490837
pool1jj2hvts3ryffy5txm7w0am3zt7s7sehdf8rrwfesjmr7shv0mgl,3.11,7661232559994,1.02,8,158471319191
pool13z5t8wlhtf7ccc0hud8pnvpjeekjdsyn7sq69fcxf3k6kpnlm74,2.576,62225956872489,1.052,43,4000000
pool14dswwngc8j92uek927jced2lfc7c4pa4ss9gry9nu9rhkc7a055,0.592,535190398894,0.286,0,104125032129
pool1mvtjl73f2d57mvzgkzjmsqh36lk427dhreurx334klqww6sx7xm,8.446,9833432804,0.854,0,3601706127
pool1s79cqtwk5s24lcske704ckx7k2pagn8hc95rxvy3xfda6r62pg9,0.339,241079013605,0.976,1,10012150627
pool1fqas6yd8n3fdpz8e869qjvyensdmzletqjexcut8mxasu2sk72r,3.021,70003641344865,0.958,62,62194631
pool1y89sy2e927hvvt66wnukx5xnnrarzxrt55eypttaw3n06u0uam4,1.642,1196610925954,0.956,1,50830541115
pool1hyqdlnuff3rnvg9lx70ccca2xqxcezzz4998tp6chhxnx2st257,2.967,70001109306043,0.957,54,62194631
pool1lk0hu3njxgra3emgfa73268el89qzytecff0fzz982avvjsw3l6,0.772,718918450550,0.931,1,21493065082
pool1qlps2dwr0qd0a7pjqr47apewf2lq42xv03zgentgwv9mspeh57g,3.051,70000000000000,0.951,54,54340543
pool14xq8v9s80ut6vmwp93tzhlydhsdqhxk3e9jerl2kl7hm2dq6pru,2.984,70000322276918,0.952,60,60231241
pool1442wwr8zzdpcu8uwnglackzr3u5ggrmfxsjja0s7aef66hk2fuc,0.0,62782189300,0.724,0,42947738238
pool1gk20vlqg7qq868avysckjcjtwyphtjurfwlgra45670ny6r4fww,3.001,70020017416428,0.973,50,62194631
pool1xdcg6kg0g4y3wqf92f8uh44urz06suglhff036k5yak2g0m8zlc,0.0,52356342324,0.116,0,34064300628
pool1sru6yhj5q0zvfyyuappgrvssxzjumjsd3ekyeslhvwmv6hmmxzn,2.334,238913758575,0.991,0,20198440167
pool19zz6frugmvm82ecgl5hh5vq3093d4kzr4h2r5vfmt6la7trk929,2.864,70000500825875,0.979,59,62194631
pool17arsgklktp9sayk5kzaakwvl3jwyczp07guux2yd0upgqh04qjl,2.973,70012483833765,0.952,52,62194631
pool1njjr0zn7uvydjy8067nprgwlyxqnznp9wgllfnag24nycgkda25,2.909,70004009811060,0.963,44,54340543
pool104z3yr7faqhck6wcsczhmqrrpdeparcr8juw8unxy8tm6xp447d,2.947,70001729516225,0.993,45,62194631
pool16e43yxx4djcvnsunwgrm8tnph0ljrt3p9tnezu3qvtcwzh4zwwa,2.888,70000718455500,0.954,53,1784157068
pool10eltx2wej46e62ulmwzm35xfu0azu47yvpjper7gwhncqe74vg6,3.303,7424675840739,1.012,4,35409144464
pool14cq4fchmmqjygwjw4zexmqqd6a7caxptjnvseyu6wanjuppv4vk,2.949,12020613106364,0.95,7,4787236443234
pool1zjecj80kehtj88py42j9hxvfspqnvc7vcqrev5kcsfyzyn0a4kn,0.0,35424887474,0.0,0,797978118
pool15kek228mhvnsncdjn77u8qtrn8hjh5wfzmh6g942xf0353yc77j,2.845,70008846115186,0.974,55,62194631
pool1cj2uh0ylps28czcjslnz85v2zyf8mld0w5tuqp3amxk4jjwfkgd,0.0,182548067758,1.025,0,31279336806
pool1xzsckz6hd64pnle2c88e3gccccyfs7w6eauxuffpcc5sx2mtekx,0.0,11547222672,0.0,0,2256830906
pool143d6z506u6yfufgzrtx8ywcwx3j4s29lxv5tdugcpcwk2l83gck,2.93,70012688017781,0.975,47,62194631
pool1fl20ddkpvnstlx63fal6e3ku46r76nk2s4mqtk5jnyxn2vt7hg6,2.823,70010988787868,0.971,58,62194631
pool1aqk244n4f74f80djytcwwr5gcxmscp0e76z5as3yz4alu39568r,0.0,104805444636,0.0,0,100067993547
pool10f5k6djk7m95dls80f5n2temjlkacsqd47758z2xal8g79kg9ct,0.0,35254586975,0.0,0,30009062422
pool15wj590e6gsmpmttrxjd0emck09a0h9tazd2ww77q6duyvg8lyum,2.567,5749858841482,1.037,6,433861642620
pool1fpsp2ayycsvpj2k43jnctdp306murzt7nzrlg0fuyyr9y8vx3pp,0.0,31761336266,0.0,0,31505292987
pool1u3despkvw4sqeq2fv9ufrh5dxacf8vm0aax00elkdeelymg7f38,0.0,25504573032,0.0,0,25097611490
pool12lsfsh2s8yt8dvrt9m8kgrgr6ktntngvn2vad60xlqz7kxz9fxr,2.395,9823136441475,0.976,8,72835721267
pool14kd9lt3gsdhv48j9w4vgcufw0txdvz932xwh9dapkpv2c0j4ytd,0.0,42015106624,0.799,0,17732658391
pool1j276s043qh2knv3ukmap6sra6sk7p5khuetzwx9h43wqydzsx8c,2.792,70003848058765,0.956,49,62194631
pool1s7ddsvuw09dvk7et6t842vhdfcmq893y88y3ev9attn67mruf5m,2.525,11561389209670,0.973,10,1007816010
pool1aqt8ycgfpavswxxs7m7n8rz4atqlanpcmf73gq50rmr8um7nde8,2.534,9250694745984,1.014,6,72108156810
pool1gr7jlqk9kmhwuztdwcwf6nyr2teeq9r8h4y62ev0xrrvyvwly64,2.257,3306203909015,0.989,3,10000000000
pool1a44j6jas4sjhh3qc96r8rmhsdjxjuntuzxr3440jzwjjcysl9ca,0.0,362753394351,0.931,0,29916707329
pool1xed948ze4guhrkt9zxjmecjvgkvgf8gd8skkzgtacz6gsyk9m5c,2.729,70000614443297,0.949,46,62194631
pool1qc05c76autq4235sq20zu4vjwtl5m0xn4mxq9kg6e66uwz95kd4,2.724,70001215494802,0.944,50,62194631
pool1lev7ygxcqd4aw5em7wf7y64au4hv04yl5cew27lkjmgngj46vqk,2.768,70011380885938,0.949,63,62194631
pool1tn7rcvc5lln8frln5n9rfd9cg8kcrj4vlm3ycdquyx5s2mlhmtk,2.833,70000000000000,0.969,46,1781845603
pool1yl76e0fhq0kcfy2jqs2mt6hl9xeyrnesehqp0p4s896lwv7hrta,3.067,6659923622110,0.993,5,66112163519
pool1fxra32qureulvqrhrdpnrl5yechhqreg2khrghv3tkl4z66t0rm,2.898,70000177869834,0.97,52,62194807
pool12qtv7kyrx8g0d5890alk6dkc6n6nyfx80synspvqafjrqd3ergz,3.075,7876219395237,1.011,5,43976397449
pool1edqwpnln3zr9gj9sfsmyl72pen6hdwev07xgqj7uz5mkjrgfj6h,2.782,70022711767097,0.947,50,54340543
pool1qetkrhjs9fll3nthuxk6zp0ssanf3rszg5wh8x79mg67gsg7vjv,2.749,9869184656066,0.972,9,173582740773
pool10qmnswfc22zm0fscg80gkwqz65ujwjkqmctv8g9l9l58wqtelgg,2.573,4451609500612,1.005,3,81600548924
pool145ak0czqxe97ef38zjupk0pz5yk7pahcyrdfee2lrnsnwawj6dc,0.685,1783885176483,0.939,2,10013189749
pool1keasvddt9vndl8jyhg204s6kqusv5zgzg3kk3l3g949ew402ahe,0.614,128534716086,0.828,0,14537280673
pool1mn6relcs7dn2fqzfq5yjlwxa49d900p5sdpw62jlx45k2djgwe4,2.908,8688417459030,0.988,4,4003908631014
pool1s8347yjgmfguf0ynj69euw7r75w7usdrfheckpcrjrk2yfvnpwq,3.163,70000000000000,1.034,39,37734462
pool1l06jygvntdfqt77td6g5rp9s4nycue0vq837jmrygyktke23pcy,0.0,104404426322,0.988,0,10017819853
pool1kjd9ff9u5ytq4atavv2dfsg3pvxqw8d50642pzmpn386zel0ka8,2.403,7688460250750,1.002,5,103565404977
pool1nqheyct9a0mxn80cwp9pd5guncfu3rzwqtmru0l94accz7gjcgl,2.885,56168952403644,0.997,47,35596378252
pool1jp67hct7n86tdkr7qxrfh3q0xl973rl6986aawxkrqz6wq4ymc9,1.205,770117541210,0.991,2,10559823238
pool1j6dh3ynys827j38976q0q3s3c9hpzgx40kjcq4472h6m7d3t0hm,2.487,5448149528299,0.987,4,136344691993
pool10p3g22454ly7eaurlur5wc9d9ual2fnfwy7a6e7k09z3yf929k9,2.785,7140430814134,1.045,6,381782751782
pool1qdjx5xeeu6288ftmhmdr0c6mazkua7m07cydmr78ymfhz7jj7g4,3.672,375888026192,1.016,1,55952408648
pool190a9js7lk9lvmrngre7w268z9tz9xs9yz77audvw8ag4jerfdhx,2.534,5769931147541,0.985,4,148765583426
pool1mctfqjen6qflfk65vz2hm8zse0a6e3g289hc0rgvrml777g85yq,0.0,45271869158,0.156,0,22703746025
pool1udkx9rmgzf08z7zz4p7ykpdqsdv5nf0w8uf38wrsdn5dzk9nq4g,2.277,5580779887205,0.971,6,684579822
pool1dww6s8stvm7dl2n8740s3v5rnxmsuqcl8jcnu64g7cds5w29pft,1.566,5682680762987,0.975,7,64011567355
pool170028ak8q37qf4e5lf7z8eyuscgcrqgzn9lh58a4g9ngzd83a0h,3.27,1211624404154,1.052,3,1005450170178
pool12tlu3dm864fzxgcjp9jrsykcmcvxskjtqwy07z982avqx3n9dp2,0.0,21274559773,0.0,0,18708699639
pool1g79uyzvt9mm3z7jdcxnp36n4egm4z6l8c6n9l2mk8ae2yf5zman,0.0,173373784030,0.932,0,35514583168
pool16p8y0pzx8yx7vz6eqksw9xjhh3tzeymvxcstrgtk8ncw75356yw,0.0,58197003235,0.314,0,51073050044
pool1sffl322qgsrsmkcedzzwk05396dkmj56pcepqvj6px3n2re3qu4,1.81,1068004683652,0.957,1,8092509285
pool1qqqq4md2rfdt75qvh3x9cgmkrgkl74ctcj3fnxpu3ylcudl22ex,2.638,19331587895449,0.997,14,11911667530
pool1yt868wrp9s2x5pehe96del9m3nwasme62yw02vww3kg6zwzspcz,3.138,35997778210485,0.988,16,2364751769
pool1w7dk7rn0cflzzfr4fqvjpapn0rkz5ksmerx5tgwpm2gtj2gly97,2.813,70000030000318,0.972,45,974835097
pool19ddv2pe786q8zqjzvw50u60y2aau7wl76sg3pnkc4j92wcx2kp2,5.573,24688720059,0.915,0,1000825992
pool1ayfjmnrv5vg6tfducvysn360re6qfwuv2rhc4ph6jk33ztuxlhq,2.821,836069717103,0.972,0,59454143606
pool1a7gj89pcxm7h63le3hjkneappj3m5kuqeg4t8fa5rn5d6z2nhkx,2.392,7113839550631,0.99,4,11442029998
pool1l5kwfudnqrhw3k4lwzcppu36nun9puvvr7xnanuz8a2zx4jaek5,3.201,4642791104255,0.985,3,20000000000
pool1ty9xkrrhp3unwdp6szfmeu9vgzn7qkfvqlerp7j9mu8cxl4rsnl,0.0,127225899017,0.695,0,18532883358
pool18e0uhtm4pspfrnktwguypytjfgwz6dw6zzn3gulpdjfx7qd0439,0.0,19313951054,1.507,0,12930120176
pool1ekhy5xsgjaq38em75vevk8df0k0rljju77tljw288ys5kumqce5,0.0,7265982767844,0.964,0,1005118265
pool1lp9wmr8dkcceta5we999nvlfh9um06cd6sggtt5523eawf7mtg4,2.31,7891532621908,0.955,5,2107738649049
pool1hnp560z9e5acwux8tjguxq36j9r255zuf02u7z2d46dvcf5zhns,2.854,5806439996203,0.966,5,343155417259
pool13annzt9hjfc822f0ejvxjf7fsmxd6cc28whpk5kagec6ggfmm7u,2.908,32811267156077,0.94,18,44004965301
pool1n5shd9xdt4s2gm27fxcnuejaqhhmpepn6chw2c82kqnuzdtpsem,1.988,994507140372,0.915,1,10003852578
pool16x5fslqfvgmsyra4vmpvuzq7p5fzeln240envdwfm2jps0j3rw2,6.522,67092593043,0.463,0,1854569131
pool189j5mz6wa0gfrakwvn2tar7qt309qxrmsgde5v6qwm892n6re3v,2.217,3236081750656,1.0,4,100262748523
pool19ht066hngsjfnv3mfsc8u9fgzl4w5qcrmh8l6zppwph6s2t7jn4,2.793,4231143400279,0.983,0,1021769446221
pool15a04yc72q4tfkwaweu86l0764urswee8c3zxperyrdq4kx8nvua,2.486,169370118316,0.944,0,52444306459
pool1u2lghnv4ae3zy73ysjlgvxwj7tuqpmyfavk74j48g0gnqnyc692,3.223,2500150996877,1.028,0,80272489620
pool1pu49urd00qf9zzeghrks03tvszzvrdzecw649ag5dwd07snx69n,0.0,21643240325,0.89,0,10511133774
pool1z724xxqgzf9a30eejsa4edznmv8hgy27ssxqfcpqz42sc6lfqwu,1.19,612759496804,0.964,0,20669943649
pool1fmgus36uc0jf0wlspfvzwfn04mz34kwrensmqgfzkv7t58dejw4,2.613,4984337595771,0.993,4,260448542557
pool1ck8rqpxp7j8kyzutk856fnvgm8xsqmuh922wkeeg32ekjjrvtc0,2.806,5891453962308,0.993,1,938884002
pool1wwzctexlp70mj00vv65mlhwhwresn58s9x7jl4tswvkg77eu7n7,1.784,3137685966675,0.939,0,101494025767
pool1n6z7rf722heq35v2dxvstfwezgdt8cv0mftpv4r9jay3wjk2kkt,3.239,2475392681604,1.076,2,55256394752
pool1ntfxj2jgvhzen8e86ed679ctukar3vj538ywyyq8ryld66jj4sx,2.848,36186331269538,0.973,20,2368371810
pool1a600v0jd2z3yajazd80phln3exekumm7g56d9yvlrh6vx8dx2fc,2.004,3239943506564,0.998,6,69163265611
pool10gtnlhevam52ynwuzua7dqgv7vje4q87q25dzzfrjgw3wwjk2xw,0.842,102874135411,0.786,0,15562594331
pool1jm220zs5txnxe6nt89hajtm6hwsf902e2dwjrtfuq33uw835g65,3.203,2225266534416,1.034,1,27358817197
pool1dl4695wfl79k7gtzt87gsf8gsqeq97yzuvaq0d4zxhz6c0nlf4g,2.791,62650510206645,0.932,37,13629331621
pool13vc4ekwpky5vtnl8pyj60phkmwtv7gsthn4g525udt7mjycs85v,0.0,25265678482,1.742,0,7087186208
pool1la0t0gsskwejyfca5lchw5aqd5g8hknxdu6tuyqp0ttjxl6zt35,1.66,832387738880,1.007,1,5445366076
pool1hkpgddlnya3pgktj3sxdraa8x8400vhaphcudvym9ye22esak43,2.961,20929446440440,1.005,15,55425020607
pool104re5tajgh4mpp7c744khap56lf609cfjlna5ysjkum8qn8fel9,3.25,1145210113349,1.137,1,128100312784
pool1fd8qnudvhz2hanlccdsfrwdxmmwwfryalrmy6a6y62cgqfx3ujz,4.608,317184341025,0.865,0,180409764034
pool16dxn8c697qrqtzl3xe695trtde2hvgw0qtd65208ruaq70hv4ud,2.776,1015724498024,1.033,0,51482217185
pool1vqjyjsp6dawkj8tzmfpu39hvgnkph99qzarw4dll6yq76gpaa4d,3.214,1453841775470,1.151,3,2827578514
pool1hqwxta8p0j8ffkyle5mf6yg80tucqzh8q9mszws60xe5ja06nwa,2.807,4089713989998,0.926,3,1678243186598
pool1kchver88u3kygsak8wgll7htr8uxn5v35lfrsyy842nkscrzyvj,0.853,1809508691705,0.988,2,53260439368
pool1ye4zrxf0w7d7drq5wmat36dlzq270dxy9rhgcwufnaja644vwr9,1.751,2772578812,0.973,0,1007816010
pool1ksazs9mzcuyr3mfrvw48dc5wkgsjceztakymmv7jpxle7l2nfs0,2.226,2443260955020,0.976,2,63492974021
pool1892ry20mvu6tvrmuua5gdmk7unw30w7tf8scpllpyq8w2sdwvc7,3.331,1476211916738,1.004,0,20011994618
pool1x7j89z3n7y7g8syk06nahcrwkdphhw6dymt8r3gf8ulyksrzh5t,2.24,3734559556821,0.937,2,3430683968
pool1u99x2rr6trfznwakv0959llmxmtgc2nvanc067uugl3ejuvvnc8,3.074,31642119410744,0.982,26,21044358752
pool1z39jrvangdxs22el83snvqgclcyjpj6jcxcjk5x73lzn27059m6,3.158,2754763009841,1.06,0,2583777220745
pool1tpr44v3pxth9j0ff246dvsryxpanxwx52f024ws3ecvn72sgv55,2.142,231515056278,0.955,0,5463829843
pool15wkxegrfflzcyhurrjxsm9ljqtz09xr5rtnqsarnp7hmsz5um3t,3.091,26007265148095,0.97,17,34325084464
pool10wcmpvjmmv7ph7cz2263f52yckvnnwu5kdppwqgu74s2qhe7l7m,2.577,1330148010854,1.058,0,204999036286
pool1kterawv22xya864tqjy9pq2ftmuptlggywtqt3p7adexg7qyl6u,2.027,1254557868541,0.968,2,1029388099993
pool1c38rf777lz0lweuz856xtetz2p2tfq04xfles089839tclt4dp3,0.0,35311829389,0.742,0,15679544352
pool15mkly3gw008dmxfrh9eycl5aguyfm0rhdlup2hzukjkrsfdxqew,0.0,20713685077,0.0,0,20713685077
pool1ev8fwfccn8gr0zcz3uyps0t0mcrefc6s95wjc6aed3ngc86y5rk,2.533,2316601201786,0.997,3,69008900778
pool1mkw6psku0jvaw60uqleul9jxlmyt2xet3urjrgu6735ryxtga60,0.0,72870788329,0.927,0,13070425177
pool1e7mwu80pmsjqdf8lu7rsfdj5sldashslll0hpj7rhx3w6xpwkq7,4.915,205041034293,0.79,0,285835604
pool1rqgf6qd0p3wyf9dxf2w7qcddvgg4vu56l35ez2xqemhqun2gn7y,3.232,871103752865,1.035,0,60811591453
pool155cu3s06js3llfh07vnzepatfuvt3s5s7uwldt9rzz55wz7pugt,2.941,16950228109420,0.972,10,16853475514
pool17rns3wjyql9jg9xkzw9h88f0kstd693pm6urwxmvejqgsyjw7ta,1.741,4385869154633,0.949,2,759884097
pool1ktgug7wwf9k4hcsuk68ftkh8xs5n0333fzxyw9sagz8njhlskgm,1.87,5232505138581,0.959,1,180797476486
pool1w4am4s9w4gkt8r0245km62vtnnv9hhq6j68exzh2pyaxxfaq0gc,1.666,795435674277,0.976,0,58640496194
pool1q5sspejl875flc0z6wh9y9zxkgqnk0y3aaw8jc0pkxs6cpavm4q,5.559,242925684438,0.973,1,10211198627
pool18mege8wvzzdvh8cxx6ncnqyvacl4lxukw495c87xmz8qcdl6lj8,0.896,1875099608590,0.987,2,61555860565
pool1w2duw0lk7lxjpfqjguxvtp0znhaqf8l2yvzcfd72l8fuk0h77gy,0.0,10626489067,1.146,0,5302110430
pool146fn2mcz0f9npcuqwvr3xjn93840jzueja973uc03xkqvl2w36c,1.438,56352957128208,0.788,41,97052335
pool16rahfu936wdfq34wf6t8rqxvdjxayra5f7y80xq0udnqglrqel9,2.825,3007759088249,0.988,4,23715076021
pool1c86ul4pnqvu7jzag8fjdy6dgrn6pt4ad4vmyq038hyg0wl2kaed,2.976,11046854560910,0.99,7,15024155474
pool14wf6e8l64wktss9f30tjzm5th8u85vlc3sc4ulw87tfqkhdl3x6,1.836,1123748173234,0.948,1,975822880953
pool1s0kkragd8r2xyyms680l9eed443v3eufmarykpjfh2r6cpksm2j,2.159,1474701558700,0.948,1,69363472640
pool1030vz0wxheg0dvarr8hmeavelpszmp52qucs68c7wc9uga6n6e4,1.647,2626583830768,0.948,2,67553641614
pool1wll3vr4v605eap9hpjfpda5cjegqfkjt8hrz3kkxpnffqejhav3,1.141,358775165761,0.999,0,32196140875
pool1v3rzrj25ak30dhuyrupkxeddttetxzh4cz9ccpjlfxuh6d85d58,0.514,153134698344,1.06,0,14662645348
pool1h40kkf28nr3amhs6nsmqn75aderg6cutmygr47czu2dw2dxzvgm,2.308,1733622512861,1.001,2,30028357174
pool1n5kljtvdhg29vrhr6uefqk76dpepzfwuvsw8zd0z5yqfuqj7x8a,3.973,391449739915,0.87,0,28040167925
pool1uy2z02pn4lczk7p2plvnkzrmltxmqs2t04d9ghx5t0vw6e4t0qn,2.075,3578884553646,1.07,3,200039452577
pool1jmx55w5ydjkn4xd58gmr9xgt5t46ngs48aek779t92e7zcqfw97,2.514,4438337011672,0.964,5,51458047483
pool1lnk67xp7jsc2e3yyun3fpaqvkx0f3c8q0ml29ge85udeghn2gvn,1.996,5544969694409,1.006,4,461151376233
pool12dcwy586prq83qggtfvaxwdpys9dw4sl2yahrdjyjxsqzcq84rk,2.89,1954885550767,1.063,2,875110020786
pool1wz4euuc8r3gfya335gvpxl2nuajkvkjh3d6ylm4w83wcz7lqxc6,2.122,644700600378,0.959,0,3078184932
pool1sks9qwpygf9vmgeuh4n4a3s36k35c3qnz7pd4qqvw5825x62y3y,2.482,1470841374508,0.994,2,103023935642
pool1qel9h28zarup4g5dx95smeggfruq26k47lc8e6wmdzaaywyj63r,2.262,36732618442,1.042,0,33806430839
pool14cautfm2e8jxv79tv59grnryjxs8f2wewz66wup695xgu7wjnvr,1.987,1103250308604,0.935,0,2423133788
pool1k0ucs0fau2vhr3p7qh7mnpfgrllwwda7petxjz2gzzaxkyp8f88,3.05,72376656853487,0.994,52,1319629618901
pool1qqqqvmpm9v2l0tkwx4dpzth3g85lapxjug2j6sucnphyqlt4fuu,2.716,448921382441,0.895,0,103139909044
pool1ara3azv0r57eugvm0p9qspun6eg482lem59txknf3nwwu6h9ptg,1.325,113343742027,1.005,0,2557658891
pool1q5za50d3sr707xkmjtyrs0v76ezxyj8g8uhggfk0wfl77aufd9k,2.324,846683327648,0.92,1,777642996793
pool1qqmvjqwzcg3p0x89a9hd6lgwvqq8wy2w6mcx0csaxq4x6xz7qyn,0.0,336999605028,0.902,0,5027938702
pool1g9v6nnrn8x7jcj26mqernsh3h97g6gyhamttzg8q39yvjr60g7k,1.795,6068617526512,0.908,2,94458970420
pool1ut39vczq4h03vpzfcn7ssxa04qzkyj8nxu4nq4rfv0nsxz39c5y,1.678,246762671056,1.061,0,100025187409
pool1u3usaaejqap9cq2vgvxnfqcpvq7md4p4t8wp54mf9h2zw2yp9m0,4.144,57854620689,1.796,0,23773110106
pool13k6tphjfsgqdq7h27p4x86ruchcdg2x073luw8pndh3ajxvwvja,2.115,7057145303284,0.887,5,8217127358
pool1js570lkcs6t3pwsj3eda0zz43mc5gm922ae5rdxcfn84gu5uyrg,1.627,1641160354513,0.985,0,158181099298
pool15k0zeppza4qzgf6z7wmwsgvl5rz9f6489zxhrxqa8dj6jzju6ct,2.148,5559542176004,0.932,4,51350790222
pool1fgj2ua0rz4dkq0hmmkv7syuccda96slh40wex2w7vsnxujuvjtv,0.0,12037639443,0.731,0,10549419012
pool1lllmq2jgcqrag5c77lpc5m34fsqn63leadyx9tzx842n66ly3ql,1.426,173375036327,1.021,0,106171749421
pool18q7axjzcrs7pd2vpmcgh33p0r5cng2q0v6ldw5vtwuhl6ctgmeg,2.094,924278713923,0.905,0,17173240364
pool14n77mmxh6a2d9k05jamzdwsws2ayvkyje8uc7led958p63at3aj,1.978,101592256781,1.028,0,1185054615
pool1crprz3rdcwvfxmc0s4gxquh3qeqmscww2qfvpl93q52yyn7agsc,1.52,3069768528233,0.956,1,50004997280
pool19peeq2czwunkwe3s70yuvwpsrqcyndlqnxvt67usz98px57z7fk,3.005,1602109465019,0.894,2,18221692005
pool1h04mh7qugt09hp8mhjpvfl4t0rutmz703dd003e6qeny5jf9c57,2.134,2277406660895,0.958,1,162294471921
pool1lakxjm7v0q03xddynffn6m2wfm27pms3z9enztwvu7k0297tcr7,3.492,1044095288276,0.967,3,25028152992
pool19frt3kaxxk4vr4x3wnaapntu0ul0dsesu77wfqaawc5h5ffgfgt,1.752,910780578857,1.05,0,779181132929
pool1jp3rc7t9chgjhpky4hxqj9zxwrleqz0r8hhqlt5m88gn5tnycn5,0.0,2024705879,0.759,0,1997464733
pool14gw9d5yhxf5t6k68tqvpa95hragu78yuyr7lm9gz9d9dx2yz9s4,0.0,13216000539,0.79,0,8885249420
pool1zdtqtsu3l3ytatzyvrq48d4mpnll9c5evwfq6taxkmn9vvdz839,2.442,18387802488708,0.961,13,21216775968
pool18zn7wa345uytjgds9hypn3jugnzqtfm4cny7anskkcmgwwxtwca,1.337,693819915252,0.943,0,56438801926
pool1qlpjsz5j5vqs59cnu09j90agycj2xvrp45sv0v6euujj60up6dw,0.0,398329247601,0.741,0,25635268078
pool1peayemzlkmcwn64c455mx8sxdaztq0xuv9hdxlp0kcsxz57up3z,2.69,1722471804523,1.033,1,50506546431
pool1yvwry5gmqta5tug7gjmfr33c2whdjf88tfykqckaxsdcgcd482q,3.149,25725794324,1.451,0,1374700291
pool1ywt7jqfsmxg0yplku4mtdwtm476rp72z6fns9mhevf7u72pkupj,1.193,1267980146291,1.027,0,1106865276555
pool1mcwcfl96ew79rmj4zxehr33p55e4e62dt4whyr2vqesswp9mmvz,1.052,4440203961517,0.959,2,3742754317
pool1k6knum588fm9fe5tmljeytyx65rv6h5jn8au824t86zt62nyd9e,0.791,1390661570454,0.961,2,300000118859
pool1s2wsk5z4u0f2unmfyc8ye705adhwayv0wetlk24sawmyj5u74rn,1.438,417744596139,0.973,0,293150209766
pool1wjsshqjpl3n6zlscnfvyy9gxklkav2dvfyprfye6l0kewyvv6yj,1.706,851207525428,0.936,2,592427338092
pool185ev4czpm5hc9xud25xlcz5lhpnl2jztqas6mgxujqke7j5mdzc,1.317,3483202505312,0.899,2,3043324309
pool140xj040w37pcufxdhpjne03sn2rd0fxys4m2c0sgjw5pqjnlx8f,1.595,3159633443978,0.926,1,94407030813
pool15pmdr6nw3g6mmt7regefp2lrx3njah0gpwsnqm794c4wsr23062,1.842,4710776191316,0.855,1,106721423691
pool1zmtm8yef7725p9n7x433m50kvv9xpzjujnny9m5t960g5qm30ua,0.186,426898071818,0.962,1,52686657292
pool1258yqnsegc3k7raqcdkxu4893aqexxljflmg9g96yfha2qytayv,0.909,823917632797,1.047,0,54689563142
pool1es67mveksd22l9alfh5cht6w2krc7lcrq3zvxcpaj5hwxgmhg3m,2.494,1138857990505,1.012,2,26196098046
pool1xucruwwxsym3u9v0m4ex3az5d4vpz9xu877vsl9udpt0q237e9m,2.909,37542550537999,0.976,21,1394885936
pool10q2fhzwe4f5k2llny65z5z2fuhrpk3x56fdc0782djdq58p9uee,1.549,2377125460313,0.958,3,5329857082
pool1ytyw34lckr8k9dhn59h287wqry5lk6waqtfhxe6v94v4gsaa7vx,0.451,214962180823,0.427,0,13037193474
pool1yam2wu7nw384zjtset09u4ef75uy840mjru39nuhm0xaqj8lw78,11.013,48881227949,0.865,0,13097582156
pool1dzz5se25fp696axykcw6wwp3yl4fk44jc62yeflrquvfxlktldq,2.102,1587761660316,0.918,3,307175617382
pool1u7zrgexnxsysctnnwljjjymr70he829fr5n3vefnv80guxr42dv,1.971,520208835523,1.029,0,32816528215
pool1xftlxx9slpz59thcgtwgdj3k9e0ntn3p4qnmzs3r84dkx0hccjc,3.167,30016233137579,0.984,24,10466528705
pool1gdgjzmp96kk0d0sj482655wqlq8jtc4t9xw8xzfwfx4tjyq73hw,1.673,3000937856466,0.996,1,251861355971
pool1q3xdrewrldt06rpjx6pzguzm847ujxnmajxrsr7dsthscz4htlv,0.0,14334044143,0.291,0,11779092160
pool1n500map6vvxwkxnrw5m9vgmjqrmtaxuuxkgqvzz7699c7qc550v,2.505,1143236292719,0.916,0,689083480875
pool1p70svj9zrg7lgzkdn8udlslry0t27qs8r9tz9lr955v2yfna2rl,0.864,62075844913271,0.445,51,4000000
pool1cpwymxe2fjr20u34f874e2q6za3razk0rttslrxqhc4tu3zxau8,0.864,62075831036471,0.433,41,4000000
pool1zga7fc8swn5l4rha04ddq07m2rc8rh9vxqmc56j4k2l2xy4lw22,2.578,1166186780409,0.929,1,51066088289
pool1sj3gnahsms73uxxu43rgwczdw596en7dtsfcqf6297vzgcedquv,0.0,12516835511,0.931,0,11087057667
pool1m3h5p82m6v99nda37rmed8vrkqt43e2a8d89k76gw5ets0gdyag,2.3,1309576648798,1.017,0,18659932616
pool1djg8jsygtculv3q2qdrxtnpxfq003pdxcvlw2pvfupq7jm5xpgp,2.658,10270389304445,0.971,9,204058817403
pool1fv9f8phzn7hp623ypw6ctf73a98hd7nrh8wm7glpcuhf64856g2,2.632,1947341913159,0.95,1,25365345042
pool1nsaul82z7ytu73q96w2wgj8wrardmrzjkuzaankzn0xuqkj70qm,2.019,2315390704800,0.928,0,143005041934
pool10rdglgh4pzvkf936p2m669qzarr9dusrhmmz9nultm3uvq4eh5k,2.561,72007332178268,0.994,51,7319752878
pool17y0uw9jraxxtqk4mhgkhkye2v6jqzn84u8hl68l9xwq3cvm2vqw,1.26,400785763738,1.079,0,137488791860
pool1s2rj8t2a5tfv0rpsfak77g03h96uv3rqxp62t6jm3dh45g2e2pj,0.469,1404951275982,0.975,0,236630082924
pool12d3th585ga2w593eu5zqnkahsnlczjpqxemjc0qhku7awnhvn8a,0.0,84813902929,0.516,0,11132285268
pool1qqqq02jxq3q9j93devp9pts90ctm8w3r0rgek97ngujpjgpw46j,0.725,106393223316,0.941,0,106299096531
pool18gsrasdghtjsnzlf20pht85l4epwag74w9pfx5qvdvcpxw68sl6,2.91,35000022660599,0.973,27,60231241
pool1jrws5cpc6nydu0yxrexf5vflgga0fr4qlduz8cs3pgqmye3xurt,1.6,309870298015,0.912,1,53708214896
pool1yv4s4v3rjgzfwj4zxm8sy24e2vq6zaexp8eudyrk9rx7yhwaxke,0.0,12021113428,0.255,0,10004491665
pool1xzu4pva0k4y6geukd9uvvl3t3s8q8alzwahf575y5fj6cnkd5y2,2.688,3293740385539,0.959,2,21166426192
pool1mscll7kd2y9c56kv7thv7kv99wjvrr72uwpmuhphaltjz0pkuqa,0.87,1661211218675,1.061,1,53390832375
pool1ncg357pkgx29g6jrwunk94pwxe409ktxyrw8s0k66vwkc4qdgnu,2.194,2132321054623,0.952,0,65485327020
pool1f3qeehc4htjqpwv248kf5lfaumd0e84jtze379ev3ywa2w69aam,3.398,211200137660,0.979,0,3416377
pool13s5faca3kkg6jhqcll8xd9tarur3zkhalyuu92d5g87zyj4wrrc,2.824,35000014807494,0.967,32,1610906029
pool1xlst0jw9safmz3c8m56zvl4m65y306dcp48hdks8ursmsz2awm2,2.85,35001045190171,0.954,25,62194631
pool1pxhywws8s8h05c69ug3k4rl6jtpxms23eyag7eawwdvxql8spwc,1.071,154014933405,1.009,0,10369246556
pool1fkg3cr9en57ccsmnde20eevkaeu3elp0h4yyqk3udkkxzhl70ju,1.538,2290296188971,1.015,3,2430037999
pool1kcfe6evpfmh5rh40yta3qrrudsy956scuwfl7wgts0z926z6kuw,1.492,47765536786404,0.801,35,97052335
pool1vresred49vtwxm87v0gg0dxfrdhfv6rz826u36ts9a60unw2nrk,1.666,46533712905034,0.799,32,97052335
pool1ddheaqwfuxwqe89lyd9wla222uhzvp8zstmvc30mrzy4zc5yevs,1.88,1200283399592,1.163,1,2878571318
pool1ff2hr0sukqqd75jr2rh3wrmnesxqgpq42dgd6rm3ungnqp904ue,2.622,50264135022354,0.956,34,10448082696
pool1qv3velgldz529zq904jy9qfrhdh0akwkkhylu2rymd6sw9m02cc,2.827,35000014809237,0.943,31,54340543
pool1lfnlxfxxwvjadesxzm4c7grgs3elj70vfdnpjwjmg0ufsqnq52t,2.959,29000337453303,0.992,21,1644350739
pool1fveclhv3w9q3nl02j0rwpu8rwgsk4vrxwk27mpdsa8stx27n93q,1.587,47106274489352,0.77,25,97052335
pool1ndtsklata6rphamr6jw2p3ltnzayq3pezhg0djvn7n5js8rqlzh,0.0,1711433279,1.194,0,21635030
pool1gx2pz27mgupdqynr54s57jrepc3n28yx0wlx0j5ypka55aan9qx,1.474,612999432948,0.989,0,409605509436
pool1668w66pcrdjmavz0c7vym7s4d3xm7578jy0fqzhk55677t4etud,0.58,1236136373312,1.036,2,606050249527
pool1qpuzf5kcxrmuf6qg2nnu9cs7hj2d6ke3fwz58l7rlefcy50caaa,0.574,269143564176,0.929,0,135696449033
pool1epqdygzumryx7w9kk5l76gfjsvzuesmeh3u3tfjmmdsw65ja7k3,1.971,565073188841,0.761,0,1519543090
pool135t6gh8sa4ahajdzw76yy7m5r0js49ra4990ahrk6ydzxef4xrd,1.518,46530582141994,0.782,29,97052335
pool1fxna0neg0x0zp7c9qkfzh7ygy8vpqj2rmxk4kxpux6smwufveuc,2.491,328458988637,0.702,0,1012141002
pool1y4yyg9zq2000akup68w68r0m42td2h2h5cz282ua4u985nzszkv,2.288,499844087006,1.768,0,100000000000
pool1chzrvd7wzmw8ufsehctn8fmf7ca27xf7d6f5tpreat7kxx6hwf9,1.409,691358958272,0.886,2,1376266547
pool1q9kwa675j2z53jecrs6pn3fqsc9ypxrsypu5dgu6hammqkagy22,1.984,533583525704,0.932,0,57876283401
pool15hx9hze8ulcsw6e7ceelz2pem2g3u9c29wqe4eszkhspj3wcdlx,3.467,1098856259131,0.913,0,2003753437
pool1mwp8ewtzmun0426v9z0h9um2amswgfzn78rckfl2fc3t5sy0m5g,2.944,8535897547252,0.996,9,40810750394
pool1n940lfxkd7z73qzj5y554yrletrmgg5x2eya9tpglh3uwcqfnud,1.613,1040720555344,0.894,1,2083031917
pool14enw2643rn9nn6yzv60jyz3hj4kxs0jvap87lkgsqykh508jxm6,2.801,17733559381842,0.908,10,28668790592
pool1ll5mu4rgne203spelzdgrse0v7yk9rfzkp243rtt60rgu8mh3q8,0.0,60696909417,0.0,0,10008598035
pool13qppafmw3vq5rl4ewmxv7zy84x3rshx9sdczs0zq40cxu0dqkrg,0.0,41594075836,0.0,0,10020522535
pool1lg4pepngyq03jdkskr3689pv4a4djra9q8nkzu6hwtzezwanhyn,0.0,35392451029,0.0,0,10009611578
pool14mfq8s3gspe8sdka6cgkm6jzgd644dvw2av5kqa8w4havs9e57u,0.0,25311021406,0.609,0,25260930066
pool1glll6eskvg5f4jcep5trqcgqa8zpekfv8d8a6jrprvcwum6u5jn,1.353,113971211928,0.386,0,9146793129
pool12k9dcw2nalx5k4navgrcuulym35c4jr2aqqr2vft6cnlvxh5rye,0.0,10373236257,0.0,0,10219132763
pool12fzerww0hmk0fyvaujz5t2kg6hl4n8daz85rqy5jk8qk58r59y6,0.984,389839337464,1.063,1,10798609113
pool10jqlkjfn2rtlc6hp95p8k4h04h3dfmdcgnga6umwp2rpukpg20l,0.645,499917877925,0.955,0,485432037701
pool1wnshjhwqv9j7fgd4tkynpsqr0xczns4pghljy5j4z4qjj7qy4d4,0.0,10862734404,1.045,0,346365722
pool1vale5v0rm72lmz3ssv39a9ywceucqczux4v6zhegfmh7vlgfchf,1.426,46549663706543,0.771,38,97052335
pool1484zq40k4xg69t55z4fqz78zz6j3t9pvlw4jd635w692xhfzkka,0.0,30471557042,0.279,0,30471557042
pool1c2wf97p3j9gfvfjshj99ufxerpy3aznm8tzr2fd0ua465s26th4,2.762,7218594911690,0.987,6,13759700038
pool1luyjjta9jja0nvh4wzqt4jvtesrlt893dj4c7x533dvfq9zshvp,2.626,37220085972538,0.905,21,15018103088
pool1a44zldps27avv82mamm2lj33mrrkqdzt39nyrgn5dkk3jtm0wrp,1.694,818450435068,0.878,0,25017361533
pool1fd0q9h8974y6psejmzczlywy8fgxxy07rn2ynrwu734aqwq540p,2.583,55286444096915,0.945,40,9956738241
pool1py2uxkvuj926h42s40wxl26dh0ggaq882v4m0hkd99m86vzmwnz,1.695,2425609191004,0.988,2,120268993386
pool1hn7hlwrschqykupwwrtdfkvt2u4uaxvsgxyh6z63703p2knj288,0.486,307225800698,0.918,0,187491267136
pool1mqy259k253xryf4hvdq0n72n2uvadcgp34r0fxwpqzm0z5n0qp6,2.874,27505431046773,0.963,17,9008564180
pool1upx7l0yrsxt4l94t5xfckahj6m7pt5dpmnx6u60sjxmn5p5mezs,2.307,415514273209,0.908,1,9060458522
pool1wxpzjtfr79pdfs6m6vg6xmcqjh79ff9d6sgzfdpvs2q26swahew,0.726,223408006829,0.759,0,130863490658
pool1s6x6kltycpxq82hyqhlqllqj3q5l2m8w499gvtu4xrfv29c0q2q,2.338,4136698128584,1.021,2,69339509172
pool16wfrrl0vhq5ldqa2u3kz8mm9r7l5pmlqqu0667gfjykfkyv98ge,0.0,25952914570,1.146,0,351382132
pool1vwquf4wt465lhketcy2j7jwpz5l6l0ce6a79ga3y4wg7gc8egp0,2.04,1267801395605,0.831,0,26952397806
pool1ymfwzsxt35g3gdgp67yr688456km59twr78j05e87y94w04tj9m,0.243,518222027161,1.003,1,112880811963
pool1j3umdcuxcewcxz98wm3sx5xqwgxx0v7z376xyjfq4jgejpvv8fz,2.483,7344754461905,0.981,10,11621835265
pool14kg79f3v5lqfvp5etqvmy6m9kuzpnd80w5cl44qrl8tpuk00quc,0.434,365047696381,0.964,0,109863746949
pool178jmsy6t03udg2urvckseyync6y2jkq26haj7vxtwszc7ycq5ws,0.0,1795877060,1.304,0,562621754
pool1wggqaqs4pw2l4vml0k0p2kmvpq7pme3fl6smwc8cjjhvvuun9ww,0.0,25770254390,0.852,0,4818376290
pool15xgej4c7ns20y5pt7dc5vq6yj87ss5sl2ffucmh5j766j90ppur,0.0,144767934913,1.0,0,50938235063
pool1dcjycc5mvj9svh9ys482078mnqutu48k3zj7uqzswj7m54a7hzr,1.279,747631854269,0.977,0,69707241326
pool1gxu3vkh8whgygd32mjxsl5thd7p82qv9xygfkvssa90myrmytus,0.0,10388755979,1.445,0,5019467559
pool18l6lvx95vl5p88zfh7xjkx073s9gufpz4sa5q43fu7auqunjhg3,1.952,721216821895,0.932,0,580946263760
pool1p627hhec2ha6wu6ql377c3hv4mjd26w7ll0xyw2ezgnu6nyl0a4,0.0,155743494036,0.869,0,124233505078
pool19l88dk44c38a6w724zrzvj55q9xqh9zjfhq6g45dc8csurs0gxe,0.0,62123672690,0.978,0,50906022380
pool1tqywsutw3wtgcvzrljdacgwmv5kfzm8f0ladml5frkckccd72gg,0.466,172769951176,0.878,0,5348201980
pool15jdufl3ahh3gn0p4nf92pxjqhs2qm2kwf626hdaxktn9yh8m3p6,0.0,1122038051,1.07,0,515906971
pool1qqqq58jy30weq2an3px3maljdmawcwh6ml4hr8m9euq9z2n7wyz,0.337,687067709777,0.948,0,132744375482
pool12vyqstpuv48tgs2ygf57npl6phzscrfll46lyq6tw4l4xknp54k,1.839,390358478697,1.098,1,279053023748
pool1h0jfkyfqt729vxhq8ndxffcqn2afjhzzlwqecrvsufgu5sag0sj,0.684,120512265444,1.219,0,60344832422
pool1rx2745qj65qrgcutmpydv9k3ld930puq52t7skcd3ennqh550zc,0.0,55450761659,1.038,0,23675129477
pool12pwp8hln0cjsxv0h2a0463qsakkhwetfhyqw7vzmpwd2jdj86n6,1.348,920088873129,1.133,0,210655247710
pool1meljzszklf23y97ka5sjqwasnel50xe5ar68gz70slm0jmt2wxs,0.924,86134354663,0.796,0,2849269213
pool17zs395fwgd0fvk0cpfqjxmd02f0qsxyhq2395lggwmukycj5rqm,0.0,103316113626,0.961,0,2501000000
pool1zgzyp6nt5084e8renptskpyaksd79uvl4hrfvnszpxyfzdt86k8,0.0,20106122878,0.955,0,12194217427
pool1lugxr82p89qm35spzwccle405t5dfdznhrasyrtr2cyv2vyfud6,2.113,798952088605,0.982,2,837651970
pool1d9g45764jtjzagrmy5ndtrx4pua7l9sr4nh08l3mqs43xe6wnh9,3.125,7304144820242,0.958,6,108427162836
pool1zsyqzr04g5pr3nv7vfk8ldc3uf0xljc8yftdsqpxxqpychpxj65,1.606,584546270595,0.823,0,56512026080
pool1d70vllztcsgx3ku8h5vnukzz2a7lpzjxfjmuqqvxtj9kq27hygs,0.0,527481051874,0.95,0,277482571967
pool1ksh2zpeeqe0rpcug63up5l66g3kr5vf58jraeun82rur6m4g6xz,1.354,708002530667,0.886,1,657104325860
pool17etnr2ngwpnqwuvdzszzd36u67kzcsrs8scuxf0a63hezy9zvpv,0.0,6815579317,0.776,0,6070335122
pool1d0m6dxdvqcltvyvjjha2v5hyq4rxf4xzs7j95v00hpxvzuu7wqp,0.0,5180057395,0.869,0,4614886505
pool144m894gswuy3se407ma5870nkaw5ylykrak73gf4kpepj50ulfa,4.422,545055470348,1.02,0,10016423706
pool104ylwjrxvrp87r7769d6g6agu0ydxsn6hgmqjdsrf47e6j2ek46,1.907,107535560226,0.913,0,21179762426
pool1hr4t5a052rh773vml9pra5planumw2tjn9cg6nsrzq64jdz907s,0.0,88849236744,0.955,0,67055986343
pool1mfm9nf0fc2wknc94dxyedny3vxtmv4t05arq7czyxsmg7qcy76n,0.0,15186346928,0.97,0,1000000
pool13p725l7vqedxvkrstaq7myguewcktjglapwls3re7wakxdv90fw,0.565,145832829664,1.037,0,115209329057
pool127jufnlxk4n6he84qjf8ppzmxs9sjnqlhulnuzsk0uc0whtl9sn,0.163,98231988070,0.858,0,9613791302
pool1x89ssjp53eczthatft9w74749558nsz3pq5jn056634pgt5m58s,0.0,61044999399,0.901,0,504437981
pool10ysem79xjxd223plxqws0fheawd78znr3qs4h2h422gmxa40amu,0.0,8807655699,0.938,0,7754960708
pool1dntg2qvnf6sgr0fkjpqjfq5gckkmydqmjhctszgqx6fsv0gcufs,1.986,432929971353,0.967,0,22078779456
pool12yscr8j3zs34ewxrwlk0p2w5uvgcnrzywpp78ddjsj8kxd530f9,0.45,950688991150,0.882,0,70444871431
pool17fge0jukcp0vqwu0chh3jh4g0emt4rat8vxucrx5n8s5qz6fegp,0.0,51885230282,0.955,0,25576475145
pool168t0xlm0dtdgf7d5w2mrm7ulsw4czpw297yvrpke9pmjcc9hz7k,2.929,4224118860885,0.977,5,10302762689
pool1vl0hlf4jecm3rk0vcc9mtpu5us2cv7hzlz396cgs8crc5df43mn,1.501,993782073695,0.894,0,824008604021
pool1xn63858ej0gcs4tkjm2e3a2fgjrecfxtvzq3465ypl8ywkx7gcv,2.152,3408683166309,0.862,1,433640180591
pool12r08n33avu33ncstukwxyr440mgaazmuclay38v0yt34xytu2dq,0.471,176089754079,0.889,0,80534433192
pool1cd7u9yenr0vkzh9kj7nhhy28ye289muhcdgnhyvz7r3z7jwcxl9,0.0,49677213577,0.869,0,25426075945
pool1p8ap6v2k60kkav3hqcchwltxhuwpfw2qtj8txcw4scp76hdvgmc,0.222,181867506971,0.98,2,11201222447
pool1yechqtexl9r7esg5scwynqalmjrpd5l69wkwrrw54y0x26eljpq,0.0,1663065549,0.892,0,202349000
pool1cpqpw923842ple6gnkjl0k2z238uwm4s8xh53ryzxcavu89rp9p,0.842,1330477023762,1.0,1,161028515209
pool1ralkckmup253k79hap4chku450qyshezh4sasjqh0ltxu2gytlq,1.987,3988033435686,0.986,3,21751149228
pool1srdjughnhp8xnn0wlf7gj7v9k8lmzl9ht4vhksp5qqc66fnpccj,2.257,5168428103996,0.936,2,24563943775
pool1vhzjtcrcyzy5ld05mj8edy5at37x4g7du8uvvss037h26h8s8z5,2.696,453899849541,0.967,0,67635662013
pool1nr2pl3yqx65hq6y2r8unlnrejfkypeh84zezf44u7glcz50yzet,0.0,55562609893,0.882,0,26008778691
pool13mjxg33urh0xquvw33kjn85yw7j42uwqw0pvh8s6c67rszr7ssz,0.968,670486053430,1.013,1,61160097499
pool17h6slydr6rd9vquqa38p5cf9xqnpc24w6a99rhllcjzljgugx6x,2.168,1528630278938,0.93,2,2304238919
pool1l6hkustv67tynh66w46mys94wsxhwddgp28k3r5twwlsv80uw0k,0.0,127102349104,0.976,0,64428869009
pool10jd7mphm0mmrnfvyytzs3tfrmjmtkvalfx8nql7tae06v0rkjk3,0.0,144536586543,1.077,0,1693469553
pool1gsfu7c2ac6rh45dn836myms9flp99y0erppqez80nwehk9c70eu,0.0,12981370864,0.973,0,12501172757
pool10q33p4hx4wqum6thmglw7z5l2vaay4w6m5cdq8fnurw7vjdppcf,0.709,309339720805,1.051,0,6569503328
pool1kcvaxe4q4npwt28qlr3h84htjf4qrqglqk3cr2484ptycr0ldut,2.778,27509245055641,0.953,22,62188603
pool1fl0gdfcmzg4jf3hw839epdteuazm23nff44vddap00r0sm5gvvk,1.204,133295207546,0.994,0,33562087977
pool1yz3fnqnsqhqpkc2tjqn4dkws8nnr8a5kcs50g780nh0wk8tgnp2,0.765,209568669476,0.905,1,1145101210
pool1nfsrjxsgwt9k6zsp8eg64wq25z9c2gqmqx6gqnugsrraz4sa3a8,0.0,121126536052,0.999,0,100018168863
pool14yezww4csqq4ny9xwl45e3vckvrd7rkw2j4f350wl2mqqw6shcf,0.0,888470669,0.855,0,503421919
pool12e8xz54gjtcz6dzkhua9uq9dp23cqcmf6xc4929t4ep4ketccsm,0.0,29138788321,0.334,0,6403471352
pool1ghsq6nqsdmxxep9jrfml0j6jk935uhq7d9l5a0ltllev7nk2fa0,0.0,29568124055,0.982,0,29568124055
pool14g73qj0qz05ymqg7dp9kxdu8jr7uuzm6z6n3jwxpvqskghhmhng,0.0,237829882025,0.832,0,137496974272
pool1apupv5qtfp2aa2xlrzzjzx0uj686g3n695a329nq8j5jvvzumz0,4.1,3442972842904,1.135,3,12457209329
pool1khyv2zj3asyhz76a4r2ky42sdxn3gqu3lcyw3sj74trmwhlc5ud,1.115,943565317374,0.971,2,86829388288
pool1vafsg5t78rnx3qr3fv7ys9h50pnvxqhd4l8tj629l5zk7tc39ch,2.709,19578318153236,0.971,18,178417174617
pool1w2alpqttaulpukcrz0j902kk8wmq68q9qm50c6npaypk7yypy5a,0.473,515635677797,0.93,0,22104178036
pool135h773klt7djljmyawkh88e8qc457wxqfhc6j9h6y9n4y3sgh7t,2.665,9746192429776,0.986,11,11872032084
pool1haus36sw7cwyg8jdeg882mentse5txac7fmeew8ketuwky6q602,2.397,42156150989976,0.945,23,9570157800
pool1r9qyjstrc050njg8lm7wxy5874mgu322vyljntdsm5qgxvjcewv,0.0,63444866264,0.835,0,9829592
pool1nusynxpeg9u8ea7s9snmc7cf25apfk0guzdu4dwxz0uwjr378xt,0.0,16118970236,0.268,0,6978731560
pool12m7z9p7jqymxrvvp6z7vmfdu6j6u6y43p0m6y4xalz43sc8s4t9,2.752,35211382080126,0.971,26,50170380
pool1fyp482ntshhm9zfz4nv7pmsaeakscf5mnuzcxuvtqf6t56fc7l0,2.836,14583721094398,1.0,6,15526381340
pool1smfwu5w54mnxea6dg7gwmkk6df8jauuf4h2x0cqew3dk2lgln2t,0.837,676850280225,0.855,1,1682333293
pool1yfacynd0va3rw27tjldfz05f6hfjhfv36wwdhn3dy2hfqq00w8y,0.0,233358119557,0.831,1,53652784396
pool17wsk3ww9asev7kfk9ktfw2cxcq865jq2l796aue66xldwx6cy82,1.402,498268723059,1.028,0,316967704004
pool16zjsdvuxa39w9k48c9ds7sne4c9lhclmmcly53cdat4nu7l36f6,0.0,2004653126,1.041,0,100000000
pool1w4k38v33hm00f488leycy7x4r77c6zgax2w30whtrkf4uh9agpy,0.389,213823555708,1.022,0,158252731872
pool19wypxkajsrhk9cce8me6yyp3cx2yvq3823nesqgn8d78ju8crwq,0.0,157343705095,0.67,0,38251892020
pool1h0tfxrhgvx6g730dunefjqn44qxxka3hfavjakuelsa6y7k0e7v,2.987,209117018971,1.005,0,15733367344
pool1rvu72lt2j0z0qjfzlqhccvvvu9v7hju6hndtkagfzvvvjgy6zds,0.0,2685388399,0.86,0,2418200636
pool14cteh4nuwyvqadavujaf8qy05g208y66ddmct4vwlzurj0zluet,0.0,110478333544,0.866,0,1148290062
pool19r33az023gn3n8p2x35hq00j2dxc8vwln0nanpcfuvc8759cvkz,0.0,30648988302,0.889,0,25084580674
pool19rz6ve8nz6uvq97yspwh3fvt7w03dsjsnmft6du83hvtc324dus,0.96,2210603300435,0.963,1,51146664517
pool14f0uj8vghxzs09p3rzvhlur0dnfwylxc67whaz087srtjjrcjgd,0.0,643519006966,0.893,0,2731152924
pool1zy0mg8thm4au4cqaz5gz4ah9ms6894e2vqkl9a6l2uq4vas3yam,1.026,248027953006,0.932,0,7543452212
pool175gxtzacpcm90adjpvlhjmfpj4ft2a3zuqsgm558hf3q7ra2vf9,0.0,13873093265,0.975,0,1254578699
pool1533ly347ggl6je42ta7l7dv262hg07n8p4y8v32npgvajl6rxqz,0.0,38339371750,0.683,0,6399957727
pool18xwr0zysfyyxsva6sta7alezd44nsa5nasewmjxweg9sgqntlxn,0.0,22379648247,0.328,0,6621150050
pool15wwz2tj30xjerxstwjezhlp8nqqu8jyvxp0h6dj4kzdq6cgv3gv,1.242,156652437650,0.749,0,25259480930
pool19clgr0yxjs8pqmlsmfzu6hg5muy5ws2rze5hlesg0v7tvyhcgxh,1.778,128497717250,1.067,0,27110902273
pool1j742gcsul7u8c05rsqmkgpkvj5qadj0pew69nctu6crqy9wjjn4,0.4,1610435219283,0.932,1,94884427488
pool1lqucyxuvjktfmpf7fd28j54cfgamyrxed344vnwlm9wqkwjeqwk,2.446,22900655203498,0.929,23,8290727633
pool1v675dnkxjfz9jgct00tskyyuvsjgqj50d27c6wz4a5zr6gj4s67,0.0,169782614429,0.911,0,169675529687
pool1qa2h3hha0m5he0429ym7tqvsn89nsddvn7wgkx3v8g6hsstdzc0,0.0,118323402131,0.963,0,101884650886
pool1t43xjt8x0p49tr7hw3n360rvs9m5rdpflf76mj7hkfe964tsrlu,1.883,433344626589,0.696,0,428278282102
pool1asfgkqtmjuusclgx72xpzvpw336gkulchtstsx9lsj9uqzjckv0,2.926,19652308243905,0.959,19,5297881371
pool15ju4ktqmtha9vry4mf44hr2psf807n4achj76z8uhawgw9462kx,0.195,856486024650,0.75,0,22033426357
pool18hpttrmc7v6nhjcywhdpymwzxv3y9kujzc5ne53jjdlf6hxa7cv,1.217,802328212727,0.801,0,35895393907
pool1ps39v4j035ejzrga2qt56cfhjuwx38wved8rd0mujtyh6r5mt3c,0.0,33807992913,0.719,0,32173632068
pool1263z8symvqmmsg876y2lzluv29am2v9fpzka9sf3nrhz7uwlzap,1.248,808765321282,0.889,0,120562451988
pool1v62c7d92xv6gyh4x9rhfpkwzlpw2ypxk92xvzavakg3xypatklv,2.796,72692196107923,0.968,47,5662472674
pool1nhlv5z2lsptzgcp9ype0mppc7zyndm66ypm4sw5hy27ewdchqx0,2.864,10320027070300,0.949,9,15011483651
pool1tay8z4sq4a4gmyhnygyt0t5j84z8epwjra06wq28jnnmschkkuu,0.186,9500900402,0.857,0,4204603453
pool1ec5lvdyd9dghpezzeqfzn48yvw34ff6u6m9tlh08kjjaxx4nxmk,0.0,35519472089,0.662,0,32895866249
pool1glxxd5ty7ldjtuaxvzj4t3ryhtdtuhgmgm6gc78dkxkzsfhljh3,0.0,24446627110,0.343,0,5905219190
pool1rpfj2y4vddj8azwu9977a63s2cjl374pep98l6dhuqh5u9jctj0,3.094,32739788889429,0.992,23,60968258275
pool18xmqj9h97tx245mzkz0fqlvas5zse0fzh9xmn9p6z77aj5jegsx,2.963,33205569843884,1.003,18,61655776112
pool1jrn3nlmzt4r99fh5z450nnwqerwljzn426ffknfs9x8gcqgffst,0.0,304306577402,0.88,0,37143127980
pool1hy08gpvzkutxkg3ccxwmkzqaun9cd0styl4dtpqp2yxq2rjxehj,2.908,32381683470286,0.976,23,1366149461
pool1ftfgs9lp0l4l07glvemrzu86pqvxrvzsn85lc3hathlq5ddsw49,0.0,36915758026,1.019,0,34119485702
pool1nwcu3al5vfm7t3dtvyuu4hlmlvezd05c5v386q90hlptks4mqw3,0.308,802387513422,0.699,1,532475675666
pool1jsala5rdc0hjewcvu9dujcz8jpfxp7hadqr3r3hzs63skhhtpqs,3.017,32735946812749,1.001,23,61195882748
pool1nll5ghr8cdkl6ppnxpuk6c6vrg9d5kq3tp8d6xjdds5pct6pxj9,2.995,32872388037522,0.991,29,61048869850
pool1ywwtv7clgpjs88ysgpcntc6gemlrsy4037eulquswmtlv55cuzx,0.223,1308215987116,0.784,0,1683051405
pool1yucv57dxpvan72dhpx7nnssavm9jeql9gswy08m4t59r6cshny6,0.0,15300913459,0.932,0,2248670337
pool1f89cpnym44rfv52jj88f3g20axraw4g9g7aglnqsgjl220lpdd8,3.037,32739712449675,0.989,31,60581589567
pool177ukluyy3tq6mphkp7kfpe6ku48rs8x48le7y23quee0xqmal06,2.967,32888047443143,0.993,27,61087031455
pool1me68mzk9kephj0yqya6xu9jefjvtg0dvmly3m9sy67cezrexalx,3.065,32844640753781,0.958,29,59245074369
pool1yuq5ck8d6fssa3ju004wn9nap3ll06hd60a6tau4ptj8sqhtgsn,0.814,289453699853,1.053,0,27914830714
pool1fzw8nfwq608cg2y690re25zg082taztprmkcv3s8dw7zwhlqmdk,0.0,1049003041,0.911,0,1000000000
pool1qgsylc6kjv29zva4w783fuyf9xxhj78ktgjlxjvppest5ya9pek,1.064,74453192365,0.637,0,29694470573
pool12ahcpgfgzkm29zajw8fgfqjma6ngsks7zdk4tr7q280pwfvtlek,2.921,32749727892364,0.999,24,61383963267
pool1mtxmk0skqkr5y0wxnxps4n35j6wn9q8dfr82y423vvlp53vccux,2.869,72778769293432,0.997,50,5710407755
pool1qlxxw3zlgx0kgv2cel0n6z3a6yjs0w8grwtp5xwna8fm2g5tsda,2.94,31444386196315,0.978,18,1160937317
pool1wvhd4nf6mar2x0zaek2te6lqkrckk9mxtjctezy878a3zprru7s,0.0,46043121768,0.962,0,5331404045
pool1fzc5ma5nwhfe8vmj3gqm7w9qf8qtrmkqfktnjgk2hq6uxjdnkz8,1.144,204261839597,1.108,0,25188693433
pool1456lrrp0a3gsgkmyx0rm8wkdmdku75tfdlu9xvpffvxmqmjkwee,0.0,158854140983,0.898,0,43087163520
pool17c4u37tjcjaeym0cs5mffvdkyyv74rkhczhnsgplef4sjglkwpj,2.95,32745918970541,0.972,22,59997377326
pool1k8mxlherc4vmfk9pmxs0rk27qmu3sqy0gsdck4gwduz57xsepak,0.0,2515776375,0.795,0,1142469070
pool139ffqrvyqu9sgsekk3pu9t7jxx872w655vses7d4q4sxxyd257a,0.0,82899072035,0.925,0,353943837
pool16vdezg50c80dhs78jhfl0gpqr68trtmqy40xplw39t9mgk6vrkd,2.886,32849834276852,0.98,31,60459015564
pool1ch3k0e07dhqwum847sa02cyecrp000a6egdx89fz5rza230jhlp,0.0,6296154407,0.0,0,5013264167
pool16c989ahn582z53azjfmregygfuc9k44u3q97wqgyn0zxuzp3dn4,2.961,32743008899619,0.954,27,59388359694
pool1gerlsm26qanj8wv9xc48rmmx0e7gvu3k5sp9tvy8l67lw3l3w3p,0.835,627116076168,0.563,0,31129571196
pool137cuaqqktk0rhh3a9zj4rchr75qm07pgzgekprle5qyq2xk2nzq,0.658,250286010696,0.847,0,100011011267
pool1vyy2d9r86mf4hmqx88uxcpfww89p2ee45s7pcaf9vxses0fn3ch,0.841,880340694867,0.828,1,146148310998
pool10x7rsal3ldumkycuc7f7rslx3vc5axhz5jzwngfcg7hd6t2p7sc,2.963,32714998442149,0.955,22,58957541490
pool1z46azf72z9yjlq6rpngwn5syg5xup8jcwguu2t259ngl5cnv2ds,2.856,32845595196926,0.977,30,59980873795
pool1a4qtpgce7cu6wzc79fx7qrc3938hkl2gf8c2h5jugvm2gnu86l7,3.118,73044511961627,0.951,53,7479604218654
pool1ewgnsmk42ljf00wytawfcl3dcash9f852u5fr92e37wqxutyksl,2.593,34744630282530,0.921,30,60463921473
pool1qakys0fxx5p2fxcnsc2tyjpqa88q7qgtdh5t3a32hplv6fg25r9,2.194,8991385838973,0.866,13,15823151052
pool1lfsslc99da8jhj5apzctsnfm76kjc6ndyc6hnynagcj8xexvjsr,2.868,32715785847783,0.97,22,59788156462
pool1lyvg6ukqpumsr6wz0jvh7xutcgdtcyyde4wkvptzyl8rql4n3c6,1.399,539996497224,0.713,0,38124430693
pool14723n6gf5yu6k7rzst4c0c4ujql6rmypyr5v6z362p4ywq9ejw7,0.0,26093464838,0.434,0,6326542574
pool1qsxhnvr03tg6jj7cl0y74jd63n85fgejm8tlqq7ct7fexfygkye,0.67,239544918803,0.793,1,21801591130
pool1e96dkrs5msjuycwz4mf0kq6fytlz0x48mnrur5ggufqkzs2a4kp,2.945,32791825836369,0.934,14,58244382917
pool1aawkmkg7vg0x0vxaqh4gr0lwp4fekwsqrjduylx0et3tuz9hfn4,1.081,304484570926,0.505,1,133931807715
pool1vqq5mg8ccqemjr5ukfa48a767dqjsa7nas8xnpf7huvcz7amlv9,2.8,32722349780838,0.961,15,59637838465
pool1ptzl40tt9a6l2kp6fhjmzsg3t2maqdhwv6cnqu8kj6xgz3vw9us,2.831,32812264070270,0.949,25,58718546706
pool1rmpv0h0pecysach8tj06vxx9wku2pdm74mk9cunx759v58q0hu2,3.555,19252276341084,0.959,7,2400593867
pool1nwv3c3q62lqcdgp7s0jtl4xldgfnjnt0szkdclk4tzjqzv6kv7n,2.849,32697719236678,0.941,24,58484120520
pool1r5dqwfl3etjylqqsj8lzhqx4tz0nllkjf3sz4r0heke2xs5kwap,0.0,83768974175,0.662,0,106806203
pool12xxugucen5pql0ay70uakgqjaxpwfj6c9py8euyu4q3p23s0fyg,2.754,32742966025609,0.966,29,59509226794
pool1pfl8ssfunf32pe5dyntel7eqc4gutej3f9r70h8ss7v3vesdtks,0.0,7813988547,0.46,0,1735056791
pool134d4ndkh0q43mykqh922k0khrrkm7rlpkj834ju6kwja6dmu2f6,2.71,32867638027769,0.956,22,59439773926
pool1xvaagsvl9prlr20hvg2qv434yss5c88r2ml6n43wcpepxmw85lj,0.0,19983867005,0.68,0,3386335634
pool1trjvzzska2mnd8xjxvjz0kfart6cfsj232kk6ghrlnc7u2xyqx0,0.0,118707045047,0.698,0,118707045047
pool1lpw2wnj2vrc75fv7f4jnfzgkqvlrxlampz5nmduwve47xgnckns,2.701,32768551672015,0.939,23,58665288191
pool124hy9qgc0nhqsve268kj5r53pvz7ppg295q6r2d0sjxswchljf0,2.654,32868888878139,0.948,19,59003743199
pool1f4n4mdsv5ydxuc3y4tzgumqvfa8xxlyr8jl70qquama0ug2pmhf,2.602,32761798939719,0.967,24,59961017649
pool1vd3rfulk3x3k6mafusvrtnzysx9qkcgcks9an2alcpm55msk63g,0.0,37135046192,0.873,0,32750594043
pool1u2fuz3fn5dfphf0cu0sewm4rnera445avenggle9sl4hy7rjzgv,2.528,28446890536993,0.992,24,942241623
pool12a4mx8ztxg7dwatm6lmfm36q7eyygkt3y3h29tklvcp6vyxp0nt,0.0,25513350797,0.766,0,68129140508
pool1jqnywskl2n92fx65thtew8zlj3vqfrqxz7zyj70tt7d3qmn0m9t,2.87,31478759193427,0.939,22,56947011283
pool1lm89trd8cl36k8njlhgsemavry2jymnhddpvtk7fk7r7g4e3fep,2.677,32684488847072,0.912,18,57362362090
pool16fa03u6u85ek2q8lryqprngpahglssj5qqh66pfaxf34vgu5rhl,0.384,540859531930,1.04,0,3415849
pool1dye0sw6hv4jee7wemgc6dnxhaquuz7sxkktz2tpm2ekcsqyyj9l,0.0,1679949496,0.19,0,1009808451
pool1n75mtv5qwzquyq2cprnu7yqpnyg4ppagpzvcw6gk2un5vadg48a,0.844,1054481835774,0.74,0,1054481835774
pool18e63pk226vwk7j3khen2nsgs2wt3q6c7u3rnu7jzm9mtxrj54hu,0.0,94051807946,0.418,0,38615142128
pool1l8pvaam6f2wj2ank46uywp32wwapqga8e8utve3mgzzuxksc3tq,0.253,316116334472,0.824,2,63210786096
pool1wvezktuplgsgwxvccvaw6vyq3l8v3ecupe56apngyjuaw4jxg9u,21.468,38734086325,3.891,0,4092110742
pool1l7xwy6sswcpxcepf9m43sez4kwgrgxuw5ekhkavj3k2lv6njvec,2.477,32714736161849,0.945,12,58812425815
pool1lvgs6gdcgl3lgcc77wxmuyst8x4h9gxcth07pzry0rfsv5ntl3r,2.43,32820283759169,0.949,24,59202536620
pool1qvudfuw9ar47up5fugs53s2g84q3c4v86z4es6uwsfzzs89rwha,2.674,44635640990872,0.98,37,160360126875
pool1085up093vl7qgwnqsuset7kdt3yflscdp6h8eeakuhyzwlhmq68,1.456,945191937602,1.101,1,18097055367
pool1tcmk6at0dmkytxgq5j4u7fgsx9kytvfu7gz22lrs8hp9ztu7arw,1.953,7664337286220,0.952,4,1000029071044
pool1ww3v7euue6vkzstk2gm5r2s9jsnj9zgtvvscfcmhwfxlzpfgap2,0.0,18083506410,0.581,0,3394170995
pool1q5h54ekx7wwqpfz78y8dppyl6uv7rpyvvr8nhf4es434un4mpx3,0.0,10094484010,0.416,0,2015644521
pool1cvszqtp0yxrxu8ca8sttcatvdq62f8q9w9qzrtjxlpg0shd0y2x,1.589,496823340261,0.765,0,496798955336
pool1hjpax8lf2hmct63xxrspe9zzmmywcrzw89yg3nacu0axzy0latu,2.535,5183098103701,1.039,1,38343917142
pool19seeqvu6hfr3qru6kx3rp4khymssa82j00jfm3d6k3ua590wdwv,0.0,1091960037,0.477,0,1002996272
pool1a9u5zphfgqlgl0s9nvdzw2863a5xeahfq4jl0wj59vku5kv9ykm,0.0,3049664074,0.767,0,14480692
pool1yl46tklt9df02cf653fv74x2klucj3fc6mhm05n3enpk7lgxfjv,0.03,6375851381510,0.985,0,602855072990
pool1t6tyc9menh5uax38j89jgdyj0maz6e4mgx90n7xkcl7mu8fzqxu,2.652,31019485212333,0.952,19,57046099588
pool1h6l7mhtqqvkgq5hyvkrjrrwddulx7zc6mxlrsezsspymckuuext,0.0,58431652404,0.78,0,463832905
pool1quj6cp7w4tarq7hrcdsjxlgcmnunm2xvnpvmj20l9nplue6rjxx,0.0,271768058859,0.786,0,61500185779
pool107attaqquuq5ne2ch0hx0qcnlkzzr2683s4gml4ywnqvgj6pak9,1.572,254837155058,0.997,0,10005433537
pool19k9grwq9cdswn4k7vxzmwcls24jj3466g4s4xr5vucehcqpslfy,0.722,416442411155,0.426,0,2203551934
pool1pg2fxvdpl9d8kdsfln3lvmwwk0apwvw6ykc5fyuc9jamgk6yvmt,0.0,28679053639,0.468,0,28679053639
pool1m3wam7j8xjahp5mq03rfkcfcy45kevzfyekmdy74x8ghgpm5cdz,0.0,122680092731,0.473,0,27712036094
pool122pmneflla304ptc7s5ws948u28zaek08k6hk3fmw8rgkzmgect,0.0,10731452089,0.0,0,3150651545
pool1g50v6e6e0dpmt35lllufjnpqmdklsm3nrshzw4z4advqqjxfcpx,0.0,74957285847,0.195,0,2616256829
pool1jc24u7v5xsaw9dw6s0vftjat8ssc8ru4c0uhrj8zpm3usnrp03t,0.0,48158502410,0.0,0,3002007384
pool18yp9wal36lzzw34ujcds8vtfpsndkzq484zcm360evp5khex0l5,0.0,3906738239,0.0,0,3000855561
pool19zq3agzmwlntq9vygnzwe2am39y2hsdadd4gasmsm2tk6qn3suv,0.0,2883003392,0.565,0,1747289993
pool1kfu02878dsz2l2pml9r42fvh32l4zn3msjvgfx077q3yx2xgul8,0.0,165388589956,0.643,0,33711322799
pool1j4nkshfytq8tww99ttfwvrmv8n7yq2tvuw0xlphelzzw6vfghwq,2.208,280937256211,1.429,0,11143430390
pool16tcjctesjnks0p8sfrlf8f3d3vrp2fdn2msy80sgg3cdjtayu3z,2.401,9098762056830,0.991,10,10118359
pool1u53apdhreh9fjmxtrctx3kezhjduc4m2f7cfd09yd7p6jkc6k2z,0.0,200339402544,0.658,0,65528027925
pool1d5lk27jlkaj6dx7ndexjzmdqtt5hnnpx5224awz83ye0v28ve42,0.0,6673245630,0.55,0,1569979638
pool1n20x3spgcj72k0azl85gxt72qzr2eq7sr53tlmwdg8wrz60ynzn,0.0,95499972510,0.674,0,59670629726
pool1tx6e7gewsrcceejwpa69vrhlhay6862amaks095pmw9jxulwhvx,0.0,26502774969,0.767,0,456565761
pool19ru9alj7n5anmzs0f9gpzlj8kaq44yhcp45mldjvldxck8f6yg6,2.708,10099634253977,0.971,5,2368632504
pool1a9xyvnnfjnujzy0n2mpf4rztdwrssraw5p5f06mqlgn4s06z0nw,3.185,341478516301,1.0,1,6015666254
pool1d85unpsumsxmq4kfvy0prju3n983vp3ajuavmt2r5tyzw2jtpcw,0.0,15136079518,0.435,0,1124429384
pool1cl3fhy6me0nf5jnxahk997r0529aumt967kw4yml5vraq94mdk4,0.0,51207925463,0.674,0,33501481433
pool1d63tmq02tgtk7yd6g62p9h44w4xqdgz9y8jkmcrztfmmqga540m,0.0,65192212239,1.124,0,25774909607
pool1pqdgdhka8xegl8y3lt780n0v4p9yl5z3vdh6qqs4vdlvgaujaxu,0.0,21704831417,0.0,0,2221011939
pool1jm84g92qcju3nvatf5fvxxw9n09pke3292jh3tv82x2t6d5zynn,0.0,87132560182,0.642,0,76023650767
pool1t93hrmha847r5gqazttyg29c9fxfv778w3kc5vf4q7vu5g4ec0r,1.165,67592102923,0.891,0,66628041851
pool1ns6veetewra0zqlljq36rwt4g3d5s0lnvxmzmx82epph50weacy,0.0,2141065397,0.0,0,2029114459
pool1sy86l3j2aumxgsvp2nmw4ukuq2tc7drnqum9z8796hxnzksde4j,0.0,2399203983,0.0,0,2134769905
pool1lp9pugfvyrjt8rqj5v02yvucchzj27tlru9kwl7nj0fh2mjc5d3,0.0,2015436881,0.0,0,2007615582
pool13wd88txwe9xhgld7hf6v8kstppcexmqu6t4fhxwx5zktz0l5nxv,0.0,6728888315,0.0,0,2157171288
pool16v0jqnz2zuqsdrf6z94ec5rx9ds0xeghsvmddauzt6j5w2u7lsm,3.306,10624196092022,0.982,6,4136776828
pool1mfgqn8n658vjdcvg3xgtr3qyet64fht0dzsukqeznxw36z8g2k6,2.321,2126256391576,0.944,2,11623649044
pool1mw8jpnmxd22vw4h68uqw70nx24vfju4aav9rznesc4vnjnt68g4,0.0,10041909738,0.319,0,893916169
pool15uuf0sz5w0kp50wmflxml8ffnz880402nvj54e40e7l8x06y5e6,0.0,143612995518,0.312,0,24124751914
pool1t94qdjkuu5qmtpxuljrnsvjdctgf0sr6vfu34eqseztajsxhsw8,3.104,11150693672286,1.053,7,55336371420
pool1svv9st22dywp9exwsltt7cdc4v2dyrf4zls00jesv2lzvpz45jh,2.159,1957638414445,0.998,0,24756164364
pool1z5rt6kn6yvuczj44qla73mfyln9l55lw0jkz6x4kjw00u32zec3,2.716,40784742262766,0.953,33,0
pool1mg37s4w4uzsmw27nsnz2mwfll8sdawngvy3n657t7nd0yjcd77e,2.298,6825161070689,0.971,7,7763556763
pool1twu4rn366744tqq9g66ruy3rete6842z7nnm4vy0q5jaqd48867,0.559,923407955774,0.969,1,11118004283
pool1wehqlvg34f3cpn48fa93qhnfkmxf5v3lxk9ymzukrm3tgxq34z2,0.0,5434526664,0.0,0,1201563676
pool18s9snlm9kwex29wtgjjpkmwcn8j3fk3r22dpsehtjyqs754l70q,0.0,1144261915,0.0,0,1144261915
pool1p693mkpyjphqedgje9sx5k8dzaqsusmw99vh26gd8aszjzkajt4,0.0,140823285190,0.513,0,140823285190
pool1re05a679dfnjdlfk4uhcwzem6c4jqneu6xekuvhg54nnwuat2pf,0.0,5712097683,0.0,0,1102233474
pool1dv7t03e8yqmcln04pyf4tygh8wtnftat32tv4jul2zzjsk2vggr,0.0,6499360076,0.0,0,1002623150
pool1zqcz8zt9v07ygj06zr28lwm85s20f6w2qdcdltjyd0wuklydqnd,0.0,7890279517,0.0,0,1038414281
pool1x7pvy3wt79xu0k4u0ef0c73treazhkdw3786dgh0yfac2r3qhnk,0.0,3362440323,0.0,0,1009374628
pool1es7867e973f59y07uwn04sylwd7myrv49q76e3jqp4a5ktvzpeg,0.0,2105657763,0.0,0,1002816010
pool1tf9e29shjqn9wcgf59fk4yrjqw2gq97wlkdqe92z2ngevhvkllg,0.0,3232101916,0.0,0,1007279271
pool19t833uyjq92aajf5f7qd9w3jcnyq78p4hsx0fn63aejfjtyn99j,0.0,1084589756,0.0,0,1000801455
pool18te4aqp0umd6xunyps0mlg9tzk4dcjh30wgntqu8kf2n7k3y88f,0.0,1000833986,0.0,0,1000833986
pool1lwp52dj9762g7uk2jk3czwywxqaa4753v7x2v56qr5l2znkky4h,0.0,1000713424,0.0,0,1000713424
pool1zst2k3wnmtq69vqzm086q9m7v7dn3gpsu9fgxy2vasew6l8nlt0,0.0,1097230020,0.0,0,1097230020
pool1zcdwn5z04gw7m0n7qzwx9gqn8a9l3wfcvejc3wrdxfuhc88usua,0.0,1032231161,0.0,0,1007477141
pool1lgves5hhdt5h6jzy7sf57l6gq9x3csf5w05ymv5zq7a9jfwn7kk,0.0,1001425841,0.0,0,1001425841
pool1233gq8vt6nzytuw60sr9gy2jmehc88fpglrjrzsd8kys5gqelgg,0.0,5001953834,0.0,0,2149219284
pool1k3mtxd2duy4848gx8knvlsas7w77f3k2cplwk6hjul72646fjte,0.0,1002437424,0.0,0,1002437424
pool1qm656ca3pdnu3gfetusmslva555j3m3efaq5u44sgpdsjn7dg4d,0.0,1008551601,0.0,0,1008418929
pool1teppcwacpq79a62luws4jaxqmhx5vxqu706362e9ya88wjwj5xx,0.0,52758770106,0.252,0,51868648173
pool18q92uyx3973u3qt64nxf8p7us58gwkytrn0c3ed2a99s5uc9usc,0.0,101755827403,0.075,0,101675061005
pool1h8lmq958aw03yse6dm0vjrvq3d6ln009r2eyjhf834mjw9x33ng,0.0,69002581317,0.435,0,531391876
pool1c45udwv2kdjcth5fvnhlklsz2tutw8spl9tcwnfw7m8cxl8eanm,0.0,74597368355,0.057,0,73448819064
pool16az8esp0qgrt3vwnpqmn2n2z3h7nexrhm4qn8xrr4sds6tj0dxa,0.0,784476660,0.942,0,540716732
pool1qv785q9wx056p7ngq2ec3n86tj5kx0t3ygcug8zx3sknj038rsd,0.0,313140469817,0.934,1,16703844670
pool1les50pm26wpf8gym7cda470xgfswukzhyykvhyfsfl4dcu2ezj4,3.367,7770811891478,1.072,5,82891316721
pool104hlwrk98e6h07e05ywee3thn379ddmmfveje8d6cuvp54zcah6,0.0,1466007557910,0.0,0,100207290487
pool1tf73xqv234ye2crduemjpreuu4efrdfmpna3l9dwqy2uycvee9y,0.0,93405199106,0.183,0,60112158839
pool1st9xr6arqq8f2hjsdz6urxejjwzpjkjceatnjuehhr9xuq6k4eu,0.0,645079510,0.0,0,627877762
pool1z4d4s883ul7h6vsrmg9s3t64df2vcx02h8tqtm8sq5yqw62pu44,0.0,1346753281,0.0,0,598620245
pool1khwvcz8jz9auk53k698ywgr6ams27hrz20vnwqx2d4xggscp93f,0.0,1246107865128,0.0,0,25097800000
pool1tyfdyg85t50lj69ehgmg90e4xr6y42he6pt8pvmau8v5x46fy67,0.0,3002909901,0.0,0,507624954
pool1nx2g7dzc90uu47e8kp057r59g8z5sz6v0x76wsph8xpcqzqycv7,0.0,1037643044214,0.212,0,1022937125506
pool1eh6msmm3v7fs90lapzem3lkpl4sn2dgtz4hfvnfmqqtxya3k8yh,0.0,2742203972,0.0,0,1876917677
pool1xn6rwtc6m7hnf66006uk3r0yp3yt5cq7u95esu3xg4mk52cva8w,0.0,500624074,0.0,0,500624074
pool1w3ewp9s00evj200lnhwsy3dkn2yf3dg7zq7apj26a2dvv5r7hpg,0.0,515476511,0.0,0,515476511
pool15jglqzc80vp83806wpa3rae699q32sxwycjmztkpy6h92p43t4h,0.0,502251844,0.0,0,502251844
pool1tegyxvyvya2lsqd7w2nna3h63ffdq85l0v8tg44yeak77du8zxd,0.0,583646133,0.0,0,583646133
pool15jc92k3rhksa3uf92sluqhhnnetx04l49xttslx67kuxz5e36e4,0.0,5945337088,0.0,0,2515619759
pool1zx909vz9qe73avvpd0y7qqcwz8fffvnup6yuq2e8hql4svk9xr7,2.903,6191029336438,1.025,3,14975458417
pool1u2j98kgj8uj7zr7g3deuezfv7hzv3ercnetxd5c9ppjh23x20qg,0.0,26298199599,0.694,0,21788923024
pool1uh4uz5n5hgxe2vh99aherx64k9j52vftdlylwcr3mgk3sdz6vj4,0.0,59166235962,0.605,0,29134943854
pool1xcslzgl6t2pcdr0u8ef2zkjhdyxy8xmgvzp0mcdgrw4k5gtg94s,3.795,621247662016,1.457,0,7145478655
pool12rt30v5khmh2y9nap3ffe6envd89lq9qf8f4usr0enwwzzwktsu,0.0,10366762919,0.0,0,313020228
pool13lswc5y4zycu9u63ktssp6rnczt97fy54cqk4s2ehwjawg5tlh6,0.0,281976853,0.0,0,250000000
pool14wfydr6sewgx0qw39ccv53dysgg9m4u2763ngcyuyuxrxdfhq3e,0.0,192083263,0.0,0,185425793
pool1xt2nyju82ea3pz33e5sqwgjx05ks623tkmuw8jvlca3kzmz9mud,0.0,134122080390,0.0,0,106835746
pool15zn2lqq4849ujttuthaycpamnyr8ae9k2pn2fkrlfzzsx4ek0tc,2.638,6673128657355,0.994,1,1425579894
pool1qcu4r9rw853pyvfznfeujfzxlku4xtvp8cas6c2y79hvuy22vl4,0.0,84812053425,0.0,0,127679256
pool192ez0m2xn67tz4kx9casumhdkq9fz96rc6ja4ndl49v8ycnuwe3,0.0,2832231589,0.0,0,111000000
pool1rv3f2ctg35ke7t5azmaha6393skhvnhwedh96e6r703tg00wp77,0.0,19198423200,0.0,0,107625218
pool1dxyj26fptj4muj6r2xp8h6lsp3s9ycgup6ssc0e62arxw6gc2xz,0.0,2289973877,0.0,0,136384657
pool170jjhp3s7gw23clx6yvfdfvv9t6egwazjhk3gy5y0xnq6y8mjjt,0.0,2563972376,0.0,0,109229272
pool188837cdkhad7w2dwk2arsldyre3tcva8aardadf4ekc0j56267t,0.0,873331528,0.0,0,100000000
pool1xa7zku52cj6aagevv5z685jm2ljhpqsekrrcrulpmkqrknnt2kz,0.0,2062083345,0.0,0,1664657602
pool1ysf2cvvju686v9uu5w5yel9ssznsqln633y43hyu93xhyghspxs,0.0,121694219,0.0,0,105474157
pool1ap0mx7frdu2mhk6f8rp3psy6wkd8t560dgh0cwnlxxfswtqjg9v,0.0,244646977,0.0,0,244646977
pool1nhstzc6dk7d04k83yfccyrylzewhpd422kall4u6a5ck5c0pw3q,0.0,130601408,0.0,0,120856153
pool14kddecyyn0vjm07kr7vctnqnn3dt668dna63epdly220z4kgss7,0.0,215077727,0.0,0,215077727
pool15ttu2vykfdfdxv7vve93l3dvk6tlrcegz7r6749syys4us2k3tu,0.0,101031739,0.0,0,101031739
pool1axeed9wqmyvm8ttgdkpazx5dr0e6ezhucnzarpua0zpdg8ycqwl,0.0,150990903879,0.0,0,100496838386
pool1dsqxx4ehzudlaygj5p75eptkdz3kzwcck9qrft4aq02a5vf8agf,0.0,127244136823,0.0,0,120091127564
pool1ap4k28jflxcyekms0rjp39ruuydrvwrek2ca267w8mwyvknpx87,0.0,124497618310,0.0,0,124497618310
pool1y2433yepkpw5xwps004zlz23xuja9xp2ckplak5lp72qss37333,0.0,127596977,0.0,0,99430944
pool14rs7ky0p867k0fe9mk3uug9c6w0mwlz3sllh7rpwxcqacr70s8t,0.0,110497619322,0.0,0,110497619322
pool1pdqcefsvu9mqxfalj5dywcfyymtpqpjqhlnxl99ds62pxv5ungm,0.0,109646043255,0.602,0,107972725645
pool1l5jfc3zv4nue29uqh32fvz9khstd24azmxjltus3s90ckzw37p8,0.0,55308833,0.0,0,55308833
pool1mgpcx225587y9uf2zcwrputd3kj70jfpf654ca86dehuw5qk5pf,0.0,75299745910,0.0,0,75141029803
pool18lc5x7fma0zsdwl56fa9rw97ayzc4kdue37sncrtdz2e7xfa8y6,0.0,73744493698,0.0,0,70197612986
pool1l38lxca7tzp0trqedr97usd0zk89q2x74qrez5xcafxechcw452,0.0,64680419928,0.955,0,64680419928
pool1p2vgec7gamn3zq0pgevauvu5m7gzhzwal48sutz4hc5tk54vnxn,0.0,180262832,0.0,0,32036957
pool15l4plz3r2lm5x48lz78ph7qh8w89zd7ewrg62gvwv7u7kw6tmns,0.0,25539160274,0.16,0,25539160274
pool1uzqdt0t7h0n2ue5d4su7sq44m857lrudn6zmqzeyflau5msh6vd,0.0,51965552578,0.522,0,51965552578
pool12p0qtp89dfzr6spqq4xl6ha2s9m8lqydnvfafyd0h38fy0hfv3f,0.0,187063147,0.0,0,47420601
pool1wdrg5vtv3nrh0mqmfua5qmj5p3zchzay2cz80jwfxxwrx7gp402,0.0,35532201367,0.0,0,35207307039
pool1qarmuvc39q7ygl2affsuly2hs39mukcag9tunsnu8xudwv8mf00,0.0,28893162406,0.0,0,25189617709
pool1n63w8h83hutkw6kww4hvewk30ljvvylfw4lv7y59ynd25a8yfqp,0.0,24247807398,0.0,0,22728918903
pool1m9h0ndgxlgxa63wsszv7a6l4x8lur35wktlnrycme6t852xrq76,0.0,20825937233,0.0,0,20803111490
pool1fy57yj7fq4n640h0r7yzchgytvx747nl85lkct7pc8faywwsyy2,0.0,20684441149,0.249,0,20002895102
pool1cwc8jnc89xnd0qlyl4tp9gu2uf6jxhc2xay9xqdwt88s66a5yzx,0.0,297094817,0.0,0,8269074
pool1ecqt8vmkmu2mteqlkcxl4v6hp0ngzmgpx6k6wp2hp8tguq88u4l,0.0,20497620862,0.0,0,20497620862
pool1wngesrk9ju3x7fzmuqae49lp385k5khgmtz97rza629pwg86nlj,0.0,10152767686,0.0,0,7510763
pool16jhjt6nly4s5thsjc0yek6h9prwtkqhq6dff2mkjypweut69zh3,0.0,8846869522,0.0,0,1577976
pool1p8a3jea0k5w749jf0jtr7qeer8xth9r0zr8ktmp75heqx0ewyz7,0.0,51498021487,0.0,0,51498021487
pool1cpzz6aqljgk97ks728xa76wqg96kj79ndc3gasx7kdnr74wrk70,0.0,8705929,0.51,0,8705929
pool120s8wucgh9dnshf3xkvffq30lcf4kta9uzf35s44eulezc8puwj,0.0,9802291,0.0,0,9802291
pool1v2dq9rex477rxqh7f8wwyprtc0qvxr3vvysvep7nj2qu68zdfaf,0.0,178259850,0.0,0,7425441
pool10fsg5ykzcjuzq5fzm9vj6d3yd0jjqgg6qnza6u8wtq0677vam2t,0.0,97023027,0.0,0,97023027
pool159lt33zgmwm4ehyhr39lw5gv4flncg0lswxrrny8fnc4uun4h74,0.0,10374755,0.0,0,6289215
pool1hjz482dskv7vvc3wpmgwy2avx784c26xq8v5pc8dm0ne6shyfzr,0.0,7146219,0.0,0,7146219
pool1gaztx97t53k47fr7282d70tje8323vvzx8pshgts30t9krw62tm,2.276,34969116839580,0.891,15,6267717483
pool123rnakf966gefhpzqgrgufww8g5wkjn4rghch936yw5257e46gf,0.0,250000000,0.0,0,250000000
pool15dp6dchtfwml32ls8xuzu4u3xx6kjekc3kvn0enexefxj90hw3c,0.0,79355111697,0.14,0,10636586054
pool1y0s5vwg2rdvfnynyhhgh08hdrd74p6rfhwxzvrxvfnrvjuddyf2,1.083,193751492877,0.709,1,42860020358
pool1qqlf3epa7m8780p2jx5689u2ql06tw026l5377tptk2zswrc645,2.878,5282176621146,0.996,8,16081588963
pool1hv3yae6keeeu2y7eusejx4swd2myfkurldt7lasn2qu4xk20j8m,0.769,219697341673,0.997,0,10011398054
pool1qrp4nzmalqdgc96avaqjha9zp6mkahtzler6tvuupzlvvw786qn,1.149,683069293453,0.841,0,35685704280
pool1munms54eag8ul80zm9gprjjachydm0ex52vjfzsrcjwpcdavcdd,2.069,18113552584155,1.007,17,31258674827
pool16jefdagcsgzyek9jytzfezx5ajvfkytjgghaps64hzz6uzkpc0e,0.286,559738043665,0.934,0,24432060167
pool1denmfptpdhy2vp8q92ttrmalf3kynyv7aguudqzeq83d7zpcaeq,1.298,867130804080,0.984,1,323579140782
pool1wg3xyzscx4qp0d4zmvlh7ksw8cupqcnegulmezl0cp77vtwlvgr,0.0,13066497143,0.997,0,10851819511
pool1jpezycd8q3l6a255dv8wt7vpt4aay8llqakdn7vkum5swes4hu3,0.0,266652421454,0.862,0,10502067146
pool18xjkr4xpscwxsatewj9lqc6z74vw90qycjd0wrypeqej673j5u8,2.467,5563376867399,1.014,6,4517329053
pool1gr5pa4shzsyefw445qrpn5pxnuxa8tuev0jquz04acdx6efjpvg,2.877,5505627936238,0.935,2,1883985640
pool1c3kxs76qj58284f923cx7ed8vw25en3nfghyurv0z9m2g3x9c4j,2.577,11508441476740,0.98,7,7262103595
pool1tc6cy0cqknsm49cvsz0mksajfvlmh3vvcp8ngtmspycgx932w6g,4.886,85139141656,0.976,0,4457850680
pool1el9z347208wda3t5cqz65dmwal7r0e0eeq7xfzl6whdwvy80twn,0.0,1006277905,0.0,0,1000000000
pool1ucpygt4ds2ggf5lt8z5kzyvnwwr0ggrtqnl0pgawud5ls2cnnkl,0.0,12135462965,0.9,0,11163914779
pool1d76p7zfn2ydq577z4wsvmnl2lx4cxa3s5vplfuhvr8qfw8hd05j,2.228,3585042416217,0.985,2,11433340996
pool1tj3u8pz6732uy2ut3s90e0j880jyu9j0ve9vtu9zj5xzglhdlqy,3.214,7523606582576,0.987,4,1462633391
pool1hmmt5a9vyjtkz0tk6ywyyuhumt57hts5m89m9avgyyupveaejfr,2.524,12949033503904,0.972,13,4172690606
pool138s0uwydwtrhkaqj4uwkh37yqw098v9v6nf5q08k9nugumlf8mw,2.672,12538756544637,0.945,11,3828692015
pool1d344pwef7yphfhjn097gy3kgemvl8ldkdad83cv42eusvj7kqsl,5.026,0,1.003,0,0
pool1e489239duee8dykj7ejx7dmazstwn6y6wfxc0kjaxw5hke5j4nv,0.0,24487540792,0.99,0,10989030938
pool1szy2tdjj8a4av365wk3q2fqg9srllmt0383e6v9p664ng076x9e,2.681,6015651283444,0.946,7,2363736762
pool1hcg8sa642l0xeygkzvpgn3sfj5s2yeuzpws7a0gypyy7grrjcje,0.0,189311025944,0.908,0,10095200000
pool1cdkv8070twtzhpeznc42wql8fre2edkc48watnuf2pmqcp93qjy,0.0,109604982466,0.0,0,50006869925
pool16nnl8ymck6c20x86lfd5p9q3yp9w749cam26y985459ww6kjtz8,0.0,69187017793,0.0,0,50105884234
pool1n0tqrkw62zmr20h9jz5ev2ph428ym49wt2z0mq4vlylf5u0sv7y,0.0,59437827810,0.0,0,25001617254
pool1gavc60d7mz7vvhsh7grcrc8pmcy0zugrnxh3dklwx0sjsdva6sj,0.0,10000000,0.0,0,10000000
pool1nkupy99hkqqqzdsenxrgenpf05auqa45e27tzlqqya70kjwjphn,1.944,2929842946579,0.814,0,12261692985
pool1pyegru75d64xgg4jh83904nst8fs8qz6mvtxquatv44rkartevc,2.627,6424508637460,0.97,0,3579645082
pool1k53pf4wzn263c08e3wr3gttndfecm9f4uzekgctcx947vt7fh2p,0.463,306554009401,0.94,0,16329606209
pool1fu6ppur5uumrpydpeswzrvfg4epr68xw39aar9rcu56tk5ukat3,0.409,381083714036,1.017,0,44290531294
pool1xsrcztc0td5cx2wafkumwayw02nq0z67ta6vpte3swz7g4ta2f2,3.673,0,0.993,0,0
pool1k7zrx5rw6cvef9m5qtp9sy4e53u93kwqx73ykz7md9gmwgf56yk,2.466,12285048052151,0.961,11,1964699513
pool1upa4pa4qmcgaps4uactx9eas44rfwk9h0rxgua3l4xnf6wevfkt,2.838,1491746752980,0.979,1,9794356034
pool18jqumjfevywycjj54m62g74ghds4mmuyqynpwfkaem0xktazlqw,2.498,7588634701009,0.989,4,48629146737
pool1s3nj2yp068r9c9zp8rc7cxxaalrp9pflwz9jualr8c7vyl08kj7,1.817,396027049207,1.096,0,11906181632
pool1mvl09pgsejrudghjhq79qurugrvqy3pceznp7f9vz63n7ku7jqx,2.276,7728902432828,1.022,4,3615720529
pool15krrlqfd3uc8nea2tw8z3wl2v0fny4enhu3q892988zv7dhv0vk,0.0,26662946755,0.911,0,12244181710
pool1tamft50mh0vjm346d9lusczc8fxxyh5z6fk2eel38srwvz38d78,0.0,16236004237,0.737,0,5588125543
pool1h0prd5vcdv6uk7hglztdcqfp5czjqxdydxkxkdhg8rrk22mr4ym,2.864,416086900148,0.975,0,3695583737
pool1qy4t7rc2v5vjljaruh3stlsng78se4v0yuv88v8jphd3qmcmff4,3.307,0,0.965,0,0
pool16wt6mzvytu9key68efv7cx6zfkqn0d9kzlnt746cyuv0zj3nxh8,1.593,302381784277,0.718,0,23175731942
pool1pgmuramw9waw9ckxsvpxmcn9p6fd4xl5jmavu8jje0x5vuc00l0,2.674,5806974058094,0.987,3,2721039970
pool1n353xqapcq8wtyskm8cj4g04t8rv03lteyl30c42zug7kzv8vqz,2.627,8265677013003,0.964,7,20977405530
pool1udr30lxsqa799lyl9haxf0wzg8qsz3xaf2gtpqf4n2s064jrvsj,0.755,505799501558,0.938,0,23536242892
pool13njpuytryujfz5csc8f0mlx3rc666jx9fl2e302c4cdpxaghfnm,0.0,75376430684,0.323,0,15654212668
pool1vv6fqj33ppkzslv3dkcyamavr2pdhpxv83e647dz5ltxykmgl54,3.25,0,0.926,0,0
pool14hhs6ruwnuaf4fzsmx89mvmjl2qhyy5jnzyk2le03886kj6z9yp,2.75,3145737254819,1.01,0,2531063904
pool1pwfdasxs7ht7878g99fnw86g7u77hqjvv4qgvr9jx6reznfrllj,0.0,19353990550,0.0,0,18734892330
pool1ah9fqr5pwdtjtw82nkkcskak4vtc2xjz70mkyselzvalgzd3jlt,2.276,593713922229,0.981,0,6785569496
pool10xk8jp4m2cztf69x9gvg3j33x5drkrz2hulsjes29wktcfcxdls,3.076,14003575736671,0.956,7,34973782957
pool1dzkrcxlqgamf3dwgyh89nrx2xkwm7cfju9mp54eyqwulku73jxs,1.489,18581765438144,0.958,10,722010387
pool1d42r0zln3kvvc54w4945735gnrm635as8hj8zy38tjprw2l49rd,2.596,4221229671675,0.999,9,47935916972
pool1v3k049f5aypn325f3rvn79765cuvqrvlhmqyzj835frn6ya03qp,0.403,615637869902,0.973,1,22336411413
pool1vce30junxx06g2ha8ww02cqgy644yj69ehhg2x95qe7323zfznp,2.938,4747370259447,1.01,3,1555077215
pool1axdf4rwjfsd5agnl2na2t73emm2sae078nxeyf3mf4c6vhh0dwm,0.0,13102218292,0.773,0,13091625072
pool18dmncsu0wwzfnje42udk3eeld3z0zwjpjxname3lp8a9kpah28w,4.543,21093482696,0.957,0,16214485181
pool1cyha5jsy6g06w699tw4awy2jw7gxj0azm38yzetr7zls7rkl0t0,1.232,150439227792,1.009,0,7585956623
pool1398lzhvtaa0hgz305d2jz4urfkwkkt66yv476wqe6att2f7dphh,3.046,26573252907106,0.989,15,4048439
pool10mucfueg7nwruvagk0fnjcftcqktjvt6262xtsva46q5zg4utmg,0.0,81485505746,0.0,0,15779619080
pool1h707wwzd9a3wlsz2x2dwng0rn7vep6mggxlgww9u7szagx8elcn,2.528,4226141119414,1.043,5,6510678294
pool1h8uur6gvtcsw0cdjgnt5njc33ajefgg756xllkd45w7zsml6ydd,0.0,15768277545,0.349,0,15762932979
pool1kqxgjf0zl60g88fxl3l8tpwu52pq78es33kqyaahgr2a7xh9g9t,0.0,610591376,0.0,0,497623370
pool1et8qw5ejgl5qqq8v4gdfset78gjcphh88cc2xajykggau8vps0j,2.767,100005763565,0.981,0,2714003812
pool1fu567g42mlv9f7enek7zeh94c0aht98w44du7s29t0elzd9yazz,1.402,1042829764589,0.96,2,227963935578
pool1gglca5t7h2tky6jrhp08sxsf3mecvh0xk6sc4v3mcpfzc8jwu2w,0.0,11743099328,0.204,0,11743099328
pool1k2qhlrrweu8fecd4hx4hn22lv00nrd3rjdxj6durax7m78q7ynu,2.23,22760394452955,0.964,13,460055035
pool1ugwj76z4cx6sywscud8ntd2m9tg3gyesmnnl35qr2l5mu06pe3x,0.0,5902168208,0.915,0,5895099116
pool1nu6c26gql6yhnpagsp6nt0phc36vfjr5q9x0eerm5534gy4jqul,1.763,77514401778,1.286,0,9133343431
pool14lr9ef5a22ng5xcu2rhpkkc86u5fp24r5gnj6hvnjxmsv8t8rtj,1.108,145805414567,0.97,0,10021737294
pool1knwd92dnngrypyvj3egguuxtl8g8elxarlvaqsyjewvh7sjla2g,0.0,20931283054,0.0,0,14009822531
pool128r8qqgl9zgy3ff4759a2qslyauu5takaec3nxx4a6mvj3ys8da,1.389,3317255346727,1.0,2,1413992185
pool1aj697twgk5kt7c6kjtkpwejqqhljvf3hzsmsamswzy42v24cw5h,0.0,45726441548,0.148,0,15920617477
pool1u3p6z3r2g5s7mazc0wmx8v0cyjjasusght53zm4kj436vs3u2th,3.905,283610390273,0.965,0,9399625473
pool155x3l57d4xu52t93f9r55cqaysej4pc2dl3jkc9d6w5ckyu6u7n,0.766,582920657596,0.968,0,6382948794
pool1wmyr8pp6f3rll0hdxed6e8kkxzvj9ur0ecc45sttan3fqcfldcm,0.0,10010883882,0.446,0,10010883882
pool1v8q93vtkf4vqqqus6ts772w8dr9h5tz99lnylfj40x3p7cutxx4,0.0,25793865086,0.842,0,10905621751
pool1f2wfjqkf2wx6jq93pdck6hgmy9zgw32lmvrq9zejl7scqxjqfze,0.812,27754829840629,0.487,17,4000000
pool1zyzfcyhtmes7j3f3avksy26yhf8ah3ywag2t7m9l9fh5g8yaerl,1.232,1453157254600,0.892,0,16891677755
pool1pf6yhzdr9vpct5rc3dtwersl4lyuglp80l4jc67kf2qj29xjg2u,1.8,2140938170249,0.946,1,5057404419
pool157dwm0l9jf2h59me75slfww8dylcnumdgjvhpsyhfmlry4cn44a,2.861,962662045809,1.19,1,1759722462
pool137j9xuzycq4jxfpsmjnc75w2wnpz68khlwvsh69kt5negg6ldhg,2.181,1916406628113,0.975,0,978518940
pool1jq7083uth03spzhg5ag6gfgg24ux6fjuhng8vj2wdz8jkukqvcl,0.0,406436573,0.0,0,406436573
pool1q4l2wpswlanqszppj4tcvgw4j9wdjmadqky57dq0wqhg5tmhsxn,0.0,15353472193,0.0,0,15353472193
pool1al783um2muyhrpcj779y46z0qtnd0nteu0y5jt7252nl26dt0h0,0.0,106387676253,0.856,0,11281118771
pool1ezs39nendjwjxwdq0wx79k0v2dfc2tv2ewgjsppd96g57ke5x3l,0.0,13665112132,0.659,0,13188461425
pool1ak3vhtv7alve9wfj5kx5xswrtfvy5a23txuupgy6nqpduq350w5,2.689,3107456936091,0.948,2,5171863633
pool1dqzprrl8305mlysnh85znqpe22lg0q2d9zest7jjhugajuf46kv,2.668,795134659670,1.01,0,56303933
pool1w7glhdtfl5slt54x7ss2hyd9lp2qyp7qxstgy72quzelqg93s24,0.0,11273564695,0.729,0,11271426564
pool1s04pdfl3sv5gzuc80322rc4ne0xs7gekux7gtckvvwt7qutjy6w,2.844,75325834895579,0.977,59,35922120435
pool1rc5a3yqa4w692649vnazcw5h9azeldc3gc6gkdk9ctlnzwsgqtd,0.0,135707935122,0.503,0,24644465530
pool1ekyuhd48h9nnymqpx0c00taz6ygnsge4502r7e67clp7zy9cegv,2.82,172063457109,0.924,0,6683347145
pool1kzf7zw2y05e7lyd7ht0nluh39fzmurm2wuvshvut6l6twu0el44,0.0,12161798471,1.151,0,5824559377
pool1zpkqlcpu5gyk0s5e9263y5n7vzmkgrtpca0u4xpxan02w8ld0nr,1.679,221280273675,0.867,0,8183659279
pool10dzswwk8ycrxfv04nv44fjpqdx4j5euj406df0xsq7xyy0r0ta5,0.0,106035281777,0.661,0,11277031191
pool1etfxpqw7456eh337p7x5jsvxxa67fsduvnmucevrqweckex3nhl,2.309,4293113825338,0.937,4,11365657814
pool15ftrqf7j80w57leflatx66x00qfhu483a290gmp7q85pjxrf480,2.394,3158069873685,0.985,1,1555284644
pool1taadtauxnhqql7s58fztlmnsxg0680mdaz25yry42q4m5s47z8n,0.0,278977913297,0.993,0,41657154397
pool16wkx7ajj8wlsjtarmy4p3a2qpsq7qah6p8pnevtz5v09kqe4ygy,2.03,1147789372697,0.956,0,10635076629
pool1fc3m8hdjj76n6llxextpc60tt63w5ygwgvf2ekzr3k222kxxdkg,0.0,5000000,0.909,0,5000000
pool1v0s8c20l67rf8xlkt4f2e7tr2jkadwl4v4nmrfhrpxr05s0jxhm,0.0,92446114964,0.441,0,15316122740
pool106jtt06k5wjpqc5r5fkz06pgwhwaljzs624mnfua8fkhq0fl9am,2.412,0,0.961,0,0
pool19yzqr3meksnvzdxh5xf6aknfhldyqdj7eaquxgcjva4mzt5kg3v,2.522,24420981496654,1.0,17,4000000
pool1e2msrpcpa74t637jwtu37paxarq2da2tm2ttwg7fh2auc5vcl39,2.481,0,0.925,0,0
pool1jmw0strgchxurvgamymrexjn2lypxslexaz0q7la3078vnple57,0.0,22659625574,0.454,0,10962931480
pool1h0v99elmvl50rqk778ue6g49r3mtgq3z4draq6pzy0nqv000frd,1.982,2289502019846,0.986,3,1340444654
pool1wu4f8u7apml5nke7mjcvj2fvn0apfychx2957lf9gcuzxa07w6g,0.0,37518207742,0.354,0,11462324834
pool1el5wl4twd389vnclz84wp4q5rh4cgvljnyk5uny6nta5qqf62ce,0.0,68123765294,0.673,0,11493859301
pool1ph4tl6nhlf8llcsyuzd3pvmw7skdsp76x0acd6rn24zljgw4nyq,0.0,13875030934,0.258,0,10000000000
pool1awrupsqt49c7gsuw7edvwawjrg6pzg3u0m4mqcwhr5j65z4aezs,0.0,11311395280,0.268,0,11311395280
pool1ydz2znwyh3409v55r3psgc70w2ykvqjkkagx3f5ep96vgp0vlmr,0.0,19273005599,0.229,0,10746446871
pool1fxlf6mqxeuptm7ztwdpp2zdwm7tsfcy3fweu7euyf6aduuh6u42,0.0,54421665967,0.275,0,10933201503
pool12qrgswlflndwp3met59zmuclqp4wryn4e9428gm7n8vwymnhvng,0.0,226331765579,0.355,0,10404054130
pool1uautzneywzapn03te7q3sd737xdfejgjlu4mdfjz7mweq92dugg,0.849,98219991332,1.067,0,3470292
pool197e83k4u53l6txk8yr83007efgavngua8wnwp00w3xrqw3pmr4x,0.0,66728331300,0.988,0,6239431
pool19dn4vmk5ayatdjshpnyvxy6w4fef0zfl585sfpls6l2wvn0xxjn,0.0,38760991338,0.184,0,38098955857
pool1wc2kuqz7w36j4xc7x8aqekgjhmy4ggknddqqfuw4mr3pu9f8wxn,0.0,49055495,0.97,0,49055495
pool1txjkxm7qgflxa6eu7gcpdl8quaym9a9r7r6cn4k25y8s2p7z8h0,1.423,329441924293,0.99,1,2731562956
pool1ujk88muru82e2z3lap9n5j63q30ekqwjmvvpyyu4kjkfg0hdyle,1.957,1364493091551,1.041,0,5048397393
pool1935erruagz8y3lkq5fycd7jk7ye9ldp86638nntmmwp9558jmhf,0.0,11083547903,0.0,0,11022446109
pool1prerctlrtn5e63m0zu5ydr2adaxpsypzj6wx3v8y44dsyj2lcwm,0.0,12121163249,0.0,0,11912109622
pool165zu45p489lpuypt4fsuc5g8l9g9ha4dddlls84jlsp3k4vsw9p,1.188,6595251282,1.034,0,5587066211
pool1elvz3kppg3peep0dcclju3gwf9m37vzyxetuf03we37sqlnsjxr,2.446,972304906150,1.315,1,3805790602
pool1c8enfyd0rt39p4wr9h840y3d2xtqylxq5rsu3ku8gld45swgtne,0.0,30966358891,0.6,0,14371453119
pool1kdhhrsl8av6gzr7vrf5q06pwlrsr8646wkjkg0h550tw6vxf8mv,2.825,357216065064,0.967,0,1576355209
pool1e6rjpsl42hsc52zc9s2awhv2df50yzw43xtc7d0vranpc9ej8uj,2.009,778610168716,0.998,0,1683924060
pool1ast5kjj9zer9sp02f5w44nyqsc54589l2glyp5fhsg3awqs5axk,0.0,67906613271,0.153,0,10789189043
pool1zwftnuzv7rtssdj3kn5j9m2al5t36hjexps7snzu7fzvzjjn95x,0.032,3871989092625,0.941,1,186967249974
pool1mc6f3tvzp59yfn2przflkq9q6k00g0hfpyck5t5whjs8qdcjuj3,0.0,275171181293,0.993,0,8762210345
pool1xcn2yddehm5ncjx0p24vkguth4rta7zv3getcztflxs3kh9rexd,0.884,765923968596,0.968,0,778363458
pool12vv4c6z7yf8j4m2amzej4j8tn2d4dxklqk5nqztz7wl02gratjp,0.783,184479961559,0.902,0,6718304
pool1frz0ds4nhg4t0e30jadc5kwx35kzj2vfp9eak9ehh2727m4dqnv,1.703,2667150720607,0.852,3,1904272445
pool130sxcuaxh2yc4chs68c4jsep4v7zfhgdqutm60ngdvt9sa2ga06,0.0,3205907623,1.032,0,664824015
pool14rxm70xxyj90dw0x58msyl7gkejqlz2tfp9u7a92zx4gyw7c7ry,1.726,2365529663729,0.897,4,1986582126
pool1aavk93lvhqfhskga397sadl0w30tul9sp587gh7r8mt625zxze8,0.0,29681999080,0.978,0,3476053175
pool14f58kf59ec7ymk7mm5w07advfgs6a2guur3g5zyf45uvyvl80t4,2.493,706907144332,0.935,0,1902416289
pool1kkwd6say8twq3z9e36v57adw02j2x52ascd6eumxy5zd66qm4fa,0.0,12655342922,0.937,0,15723170
pool1g5gcxs48ur9y6kvycy44e9n8wn254fltvjklcf29jxfp23x2wjx,0.0,701407805,1.855,0,3582106
pool1z2m3n779dyqjat2m8a5vl94nrl43xm2tlk8dtey6txggx0a6fyp,1.858,665533893728,0.933,1,1346318470
pool1hfzfx33ffjcma9xautgrg4ka0u32s062mmu8gw6fmf2zxftmp66,0.0,170942134094,0.0,1,10021890600
pool1cuccvs6vdlrxw67kwvzdx3gcl3ha0402mkhhseqmre7u7vdkwev,0.0,498676411670,0.943,0,401158734
pool1749t2act40esvfj0w0g0ear7l3hrnjfc8l5rl8eznuh8vunjl86,0.0,18256970957,0.0,0,10442525441
pool1vygvrczrlzapm25qf8w3cxz4gxv2azrp43xj6538tt225jjfcpw,0.0,28766617328,0.0,0,10000000000
pool1gg4vec4zld4fxyxxzg4ztz35wurgnwftyqrhgs8zslmh7e09laf,0.0,26451168607,0.0,0,10000000000
pool16wz7g5qp6y5m0qp3c28543rpzqsaw6w9kcxlhy5zslnwq4qglcw,0.0,11912418376,0.0,0,10297412153
pool128sj7hpet8874ycvxml85wlv9eyd8pehjhnj3clcvhrr5g5s9qj,0.0,13456933998,0.0,0,13456933998
pool1p8gda4td9882kcllejstrzfh84n8cxts0j67dyuuamzdg85cf3a,0.0,11250263205,0.0,0,10097029715
pool192xshj2cu50qfy2pm5cck8lnm9lxv2tjquznqjdkkzw6y5hnzl6,0.0,11625848783,0.0,0,10017022851
pool1zdl39pvapcaj5um8nyduaq2vmn64dqwz4qlhnzurnca8zetk74s,0.0,10006901327,0.0,0,10003616902
pool16e0qmln8gvtnjcpcvgvjdlhcnsz6z95uw90c58t50qfkc6rqek6,0.0,10000033939,0.0,0,10000033939
pool13wzpwavanfpkr4r4j30plrlc6dn6p822lkt22zdllmy7q8y7s90,0.0,94573395486,0.936,0,89271685
pool1t74ckqauwmn9ef5ye0h7c5wsgfd36zx24ue9wvj4vj95cl54aff,0.0,27391833620,1.795,0,7115411763
pool187k9uqvh2dacad2qyfyex7ct8q0jxepk45026s9h7mkxx9pn7at,0.0,2339927995,0.963,0,1047052111
pool1dkt4rqtjs6j6d8snna60s2g002ddcj5h62nee59mvsznk20q300,0.543,443998065096,0.898,0,5382403661
pool1yaapy9ew5cs3qvv69zxxwq8pn3jk8cylt9k7s4ejvv2tsu4czh2,1.53,1589291080624,0.956,2,2468867601
pool1vkc0dvuf8rxrch87umfayacgglrh8f88ef0f64xrdue5u2xjwfm,2.871,14130704502386,0.929,14,3534826871
pool1h59405hmvnxz2kyjpll3f65lnqhm7we3u96cws9vzzxzzws9gjc,2.442,3628801978996,0.672,0,9373760908
pool1666ysrjachd7m7ns85vgv3kgclqpj8m74e6kjywwhgswyw3lcpe,0.601,406893456819,0.98,1,30123229
pool1z9m2kxeat06t30yf6ar7sqpert0cjdgxzcv2dv36dcwcqcqtgk4,2.682,19697471754003,1.032,21,0
pool10nwac5phcc4vkjvux5mw6gvdzlxurkd944e5yx9yyfa8sqs35t7,0.0,80692112823,1.026,0,2000000
pool162g6067hj0z3tyxrn7e0wmcz36yqp6nxu3e4x5ahkwvnygsuwqk,1.254,133107360037,0.943,0,1005136774
pool1v6mdg9xm9a80js00zx53c6nagcw5m0m970nm4my4pkrlyxq707e,0.0,10165123677,0.949,0,32940795
pool1arx4x8ecnxu46xrpfj88hwm25j9gcy8080szvf62a0avke556v5,1.175,119824327099,0.965,0,8024745954
pool1wccveh5l4gvns7egngqdd4qk27w0kxqc68jjrnnkgjxz6zwt7ws,2.583,161248782463,0.938,0,5293360928
pool122gklgk6gep3dm5grag0kavzzxcwk4kxxrqegfygghjpgch6pns,0.0,5865827814,0.545,0,5865827814
pool13zh79cqv3y36cgknzagwegp8y0kuzel2j046jmup97hhjwk5myw,0.0,31017705938,0.974,0,1215456696
pool19xhza3f7nye6j5p6stsnkpvadejztnqvck0ge3l2uy9gvsvy05f,0.0,174968922,1.26,0,0
pool1sef3gznduge5q2e5wcjzav2nuk7nv07t49wsa8y0wy8m2fhjfj9,0.0,329072737489,0.982,0,5169362564
pool12ndf7w5f4fdn746s5zlay4aexvcsjncnnmjwfp8falascjqav3y,0.912,451148902057,0.944,0,22938592914
pool1g2y0j7rsv7dpu8p6jt2dva3rxfqjl2zu0ag9dd0cfm8guzg0lh0,1.779,1837709888452,0.909,1,2575001160
pool1nzsjg3cuam3uj39qusn44cs2uj7h30lppqsrqsllwxs2c8fx4xs,0.463,3064341741273,0.863,3,3376057621
pool123fz95jxlu2fgqteredsqxml553rt9lsu9ef352kagm7qlejem4,0.0,8904756502,0.308,0,8064252779
pool197dm2qehf9qzzd5ccgg7t5u4h9j5zj56asvjguptefpkgxhd5al,0.0,19640603255,0.848,0,5959376076
pool173ul998qx9wnukxsz4hs47fv3slu7zcympa7gkv4m9qp5fheyex,0.0,96919896195,0.221,0,11608176345
pool14msuc40fcjvwl2g6f9p2dxx24ekj7qvemla3pzkke6p86d4swzp,0.0,46069355375,0.955,0,832611146
pool175jklkquzts0u05axap90uqpym5knnjxky396mz95hhauwyzswe,0.0,8751653184,1.815,0,2899306558
pool1fy5aaf5gz2646dghhm8u899mj6hyznn428sqhdx3tmqmsdy6rcz,0.0,39695378687,0.814,0,2191292824
pool1z033qtxzsn7c9az4fzz8z0ewnynzcuq2dy54v6tfyqz5vfjkmv0,0.0,1313172885,1.206,0,1313079088
pool1kccqxg032r6dcqqpvmv87azttcug5ug6cur9pa7qkuwc5ze4pxa,0.972,1826302187645,0.976,1,1729964011
pool1evun4ps8xa0dfpj2r0cw9p94t2pctcvusccsm458enajuw2mftw,0.0,528015204,0.0,0,511500000
pool1pg2k7lp6w68vlvdycug2ycu3mkrt0z4ftxay4g8zchj87mw6ug8,0.0,1005175300,0.791,0,1005175300
pool1agk62kg0s9606v78exurl53mqsdu44d6qeuzypur5e7ku6gpgzp,0.0,7706093908,0.949,0,1000973115
pool14p4ksk3ddqtax905sys7ujakpxwvfsntjnvlu8p9d3wxycy7pv3,0.0,5122521586,1.632,0,3316189393
pool1e603j2p4q346w8knqt2a8c96n8t9l5u4qdrv4kk50qvpgvh8hax,0.0,3184371051,0.67,0,3089220713
pool1d0ze7l6t8gjng564zsfyd7uw7snenpsjh9dacawdpr9g27djq8f,0.0,66086675208,0.817,0,4525852266
pool1t50sl2erwfaey5du4e7gnp52fylplh5q4j24zkkxk9t5vsxfcvm,1.153,502945330448,0.941,2,41827751217
pool17arjpr44uwms8vn3lumnknwyefjrcqnqw8jgq6ymuvsdjcucyfu,0.0,146353246,0.91,0,21614267
pool14g7yxpecpp2vt25nc7mjtf8q5g8n362wxksvpxz5fht35khqs0t,0.0,10000000,0.0,0,10000000
pool1vj08te6uceklte43cy6canq7te45qjmmm0dhewy0kvstyjmgqzt,0.0,8012919654,0.0,0,8012919654
pool1h5kewwuh5jh6cuq52nwu5w7g8488qsp8ja7ahs8p2ln8ygde8xf,0.0,8247425397,0.0,0,8247425397
pool15lp37f7da0guj662jcxy0eyc49s5gxudcd93j8qz4nfcvuhrsf9,0.0,84526978325,0.925,0,2899232564
pool1k0sdhxunrkpv6dqdhhn3wkul8ytxhskt9erw94h66xe46nsqp0c,0.0,2583255440,1.077,0,501849022
pool1dhfz7yak8wqmpvm5luf8ey44aewa9hcrldz0ea3rhh97jmrru5j,0.0,3486874248,1.715,0,558557460
pool1auwfzangu7s9uagapchhmac87jy3k87a3dxhp23vadtw5m5dswl,0.0,512065971,1.52,0,512065971
pool1fkfn8l8t09mplwpxkg3et39llpr5p7l63ter94hkj38tw6fnh3g,2.665,379368827,0.893,0,2106233
pool1l2t9xjhx3m3sesjcece9mgz6xk7rwq3rhj3sv0durtmrvdujc46,0.292,707345484863,0.903,0,7720956146
pool1wewygdzelh9m4m0kj8u70pmr957lxkzl8km4mttsrdd7wht00vu,0.0,279903210536,0.998,0,21236561856
pool1fwhu9w2z82n5r7hdeu8ayl9tywraursthd78mxxekr6zzdjgpkm,0.324,723764602256,0.954,0,6114841633
pool1rzhyuwfwdzksm9v2ze8playmvdv3u04x9a0tmhg2krx7kt2635t,0.0,983781249,0.621,0,983781249
pool107rsdzswa5s3y8wk5z62tgh5lhm790dsyqjp4lq66fht7qnaq9d,0.0,18655350040009,0.0,10,50000000
pool1x9ar8wy7ljw83ppe6y9p6h2yskrmf5dfa0td36ypk6vtgqzwqh7,0.0,6008222335,0.576,0,5754184727
pool1x96hyvvamshl5ymcpdshz4ymqjp33vvz9s8dx06xxwpzzkhgra7,0.0,106115657,0.924,0,6821475
pool1s2gxepqa5r6qzze05x3vxunt24cmqth2d2lmfrtudfqcg5c78kw,0.0,499214013,0.986,0,3000000
pool1d4vwleazneeaz5uxq9lp0m6dfx3h00ja76dzac8r48qs6kryr75,0.0,5399069147,0.339,0,5399069147
pool1vz9txqmdhxwegpy7uzrsap84z309veehqv3uh4s60qwxk0u7h06,0.0,43331475800,1.057,0,689447905
pool1h66njz7qg7p3sa9dd8mptfhsy04pyxr9ca0v8zwkcz3eyg3g3au,0.0,478757616,1.0,0,3000000
pool19jyw8flky7da5y20jtdme4utwd8sa0l5pletmnny06w9xx05eqc,0.0,59395135259,0.975,0,3000000
pool1y7wn47wcnqnp5xvxp67qtmkhjyzfzhc94k0kjc94xrp6y0wyaxe,0.0,60724127762,0.972,0,3000000
pool1vcnevxtlwswfh8cdnqc9xrgpxq8wt33l2jtcfle2eqwpwd9997d,0.0,107724772,0.981,0,3000000
pool19rjjay24ez2ezgqkyqvna6uwc5ur9lt489gwvrv7ve5exlcld3x,0.915,1436825389031,0.823,0,13439851894
pool1xc6la5z92seku86c4rdnuvxjdc3fh8pdtanlgxdy99cxjrkhzkd,1.872,10526099224962,0.962,8,50097237940
pool1ys6fndfj9r6e2waeqmy27raejcqzm4u8ztjrp2naz95kgwyv9qu,0.0,162213609647,0.964,0,5000000
pool1chfk2749hyrwqqpj9fapredjsgw3fdauyxw3hn82kavqva6nv3w,1.388,2545020905197,0.872,2,17238569860
pool1ydf0337sh8ct7ke59sf46ke9eygyj80wc9zqhkwjw7v6vmlxp59,0.0,23420165,0.968,0,3000000
pool1d5zrmzgskqzse485j7p5cly2290xyffr2tyq9d8ngkzyxjjxwtm,0.0,2132836767,0.855,0,1000435602
pool1k3qcz2ruwtgv0vduu6jhzu7d7uu6ca7sxz7lc3sxzwxay98k842,0.0,1940437000,0.986,0,3000000
pool1nwvfpwq36ea6ne5czpvpun7pr89qcg654kmu6ml4vjc2xzwlx4u,0.0,4249564284,0.958,0,3000000
pool10cqp98vsdtam5p4xkfuleahy99vcdggsfdl4cszxcefmcheexma,0.0,125974141,0.986,0,3000000
pool1v8f9npqqyywumf58s5g7kmvywx09c5pv02nr65q00ftuur8780p,0.0,5793636544,0.965,0,6000000
pool18kpfz02v3knfp24k4a3zv50h5eva5s90slwtfvae3n5rq4zfget,0.0,349729254,0.979,0,6000000
pool18j42fxelgk53gumv8y7f039mscg6kl2lvmktfcs5aymqvx728d8,0.0,1089772568,0.982,0,3000000
pool1j6jx6knedgcysdyjcdchlq9hcmhc062jttck9lav7a8aklta6mk,0.0,1465287649,0.977,0,3000000
pool1akt37u42nfegyf3atv6c3c64da7dwa9grt9kjxa8zwj9qr4y8u2,0.0,9940083885,0.552,0,4540389102
pool1vfdw3j9246kkem4lychnsqj9edsmfglfvxvmyl4ekqddj92e33f,0.0,3389086743,0.971,0,5000000
pool1wfvreaqszfzxe5w2swwpqpy7e4jax9nyky0x855xqswkzq4v7zf,0.0,3997648718,0.977,0,3000000
pool1pavpy40ahr5w3rfkw63uhm0r8c0jg4shrjlrjfnt8km8jewpjan,0.0,868469289,0.967,0,5000000
pool1jd33dsshcmepweqwmrgn9jc0lqfnammnua8yc2qq9w0txxkawt6,0.0,1880745928,0.968,0,6000000
pool1rq4vahleea4yc38cr58klupl6g0w7ca07lc6kyvtcznp6649j5p,0.0,3678935,1.054,0,1800000
pool1wfma2hqtzksrf9wq7a5ww8ugguxezaetey80pe9arg2n7kvev82,0.0,2333169048,0.928,0,2000000
pool1ewd9g9zcz6tvlytk0plfj3e8jq645l0xr4n62epa49dgv9h43an,0.0,14127741629,0.962,0,5000000
pool1kgwaa6fhpaqu8v4hrk35lzjhjsa6typ55ammszhd2q7zkxv5v40,0.0,4993158262,0.96,0,5000000
pool15fgwk5vxn34efj79qlfzuahdpu6ax8x2hkchyh8mehdh23q0nqz,0.0,2202334306,0.968,0,3000000
pool12va8zrqehhwuz39trxgq6dagzjyq3qjenqd96jy9qvwwx2372zv,0.0,6000000,0.964,0,6000000
pool15auyy282239uj3z4uah4y74wu5exdy5lpwegj6yn5pzy7g4rv3r,0.0,11121275636,0.968,0,3000000
pool1etu9qtmx2dhf2yu0hu3uzj4au8gnpyx54m6jhy5876pwsulrcmc,0.0,6000000,0.965,0,6000000
pool1vwfg3d0yhun8anncaxjfg8whjn6sa328shuyc6rmf2cgvyjrs7w,0.0,1726952708,0.959,0,5000000
pool102vsulhfx8ua2j9fwl2u7gv57fhhutc3tp6juzaefgrn7ae35wm,0.0,1386100177,0.964,0,5000000
pool1yp85j5tmfwwlj8hmsxcrp2dnxuu0fu858qvl6tpeedpckt9zvkj,0.0,27002942747,0.96,0,6000000
pool1xgqwmz4nydmn6ng6vsen5rtehy7u3uaytsml3q2pudp3w35uaxu,0.0,7621901289,0.947,0,5000000
pool16xpa8km92m0cq9unn84cezy8ygl2mr90t5qvvauswfm9yqyj524,0.0,10127207371,1.094,0,4699167145
pool1l7elukrgntsdwrt0hyu6sshw0rk05y82k4sjwse8u79hkhf862z,0.0,3376072552,0.957,0,5000000
pool1gw25vftc9nnqqgld043k2fsjsm76rkkcy2xjzqdm268cvlf698l,0.0,33295011482,0.0,0,9354275565
pool1rd02pkrtvme3pd6fznltk62e4cr5ddgq5fmd080neu4mkt8r020,0.0,3009507338,0.519,0,3004708164
pool1uzkf7xmg6p3p5nn8y0eknfgws8e8j94vklx590qra2kfxpsxwsa,0.0,871805019,0.957,0,6000000
pool1lxg4rf0aqqachwft52hs9mtwlmpfyw6jqxyulz0pcfj25d4uaqd,0.0,2954399206,0.951,0,6000000
pool192ve6p5958dam7hr3e656cuq5cucz5gnpfazlqr9kpc962gj07z,0.0,862976284,0.918,0,860402823
pool162ejhdrf7m5te4hpuzagrpck6vt78undp2flx9as3lww6uvs4lq,0.0,434353359,0.951,0,6000000
pool1c8f3ffu2g0eatw4fctjpq5q48pppzst0yg90fgj23637uhhhx23,0.0,6000000,0.949,0,6000000
pool1grlhzfvd93ea4832tm36hwd7y4h8ghnlwnp3awx5heffjttgf0u,0.0,4566707635,0.962,0,3000000
pool1c50yum9j2pj66p6qyjwxd6h6z8scvysxq2hlrnw22vgs5rq2547,0.0,9900954121,0.946,0,6000000
pool1cxl0gk32hwe6sckdmy2zydkl7wrk8npjay0u3u5zsglwvkqmjen,0.0,7285755840,0.951,0,5000000
pool16jtszaecta7rey84rteah39gv53pw7953u37fhrqm49xwfdtdjd,0.0,3039670082,0.948,0,5000000
pool1l5c0jhhlknegjgqzpyq78f9dqn6dxkzmc3548hnk96xqcf7spx2,0.903,86216497052,0.815,0,5000000
pool177xu75tv2wqnz2cg879yekswm3wqqvwfgzhulkglrfksslsyj9r,0.0,7368689913,0.703,0,2463217672
pool1z8rxpwrukslywg9s2wy4kvfhknqg7dnah5pszf7fcm0fu2valeh,0.0,512003973,0.94,0,6000000
pool19nu8lt0vwycv0eqezpyjquawfklxtjjx9s0ac0f22mgp2ggpsvy,0.0,8949409776,0.942,0,5000000
pool1sk64cyef3v2m000eshsdz6ydu3j7rczuyv93dl76euyev7pslxg,1.737,45778663902,0.947,0,35968123739
pool1eu4s4jmjam94dgzm56mejgk5k3l7m7unk95296c7t73xqgp6kfr,0.0,6005560,0.936,0,6000000
pool1jsv2hveu0n6sw7zesdcmc8cfle2xp5w7ma6qlt4xvh62cxly5wc,0.0,2768227465,0.931,0,5000000
pool1uezuqdzj9ue9y2l3ce9873sj33tz3q9tcf4tuhm97fdggywuydy,0.0,5162194349,0.949,0,6000000
pool1thgpezwt4pvqhklhysnxrrclp0mfy2tg4qesxg8s5f7jg7802y0,0.0,0,1.028,0,0
pool1wp7vqk4mkx0w0wxzpy8avhft4qwcg60xldwem2uh9n4pw777fhz,0.0,981002419085,1.247,0,1014952061
pool1h7eevnu53zdfujqfzldw4jgdjh475u0glvtruwrnmdmycn6jdzs,0.14,1156714781977,0.863,1,29736034023
pool14exgv53wem2jwutrqpsdxtrl4hweefymltq02xt72z60x8ge4qf,0.0,449960297,1.563,0,449960297
pool1xpfe5q3v3axrjdc8h38taaa93frq3m9pfewxk46x4r6jgy2yj5n,0.0,1579036646,1.158,0,1579036646
pool1xzpjn9f5nk52lnfzskuxey3r3h5fh8z78389qsd6vwyfcqum796,0.0,101376006,1.164,0,101376006
pool1rte6kvv4z3f4fuq6np3qsmxh3pujem6rncpg58tuxc04gwmc2xn,0.0,59729535404,1.028,0,50413411
pool1wyu23ahrnql8hc0y5jx00y2evnmw05d2rxnyqlgqq4lxs93q7ue,0.873,170212450396,1.282,0,2442878986
pool14dz6syalxmtlykaudkk50t9xtve0ne2rvtsgqmyvfeg5cxx68n4,0.0,1827591660,0.902,0,1005112588
pool1q23kstu6ute8x43z95ahnwh04n9rpn6k0wzakq663ke75220682,0.0,11366965862,0.895,0,508859258
pool14nxj3szga2tgllwenjgajfl3y4t570yghhyk36d2heuqvy63wl3,0.0,2990070,1.0,0,2990070
pool1g0t2a93g5e2j7wj0clmk73fhd8cjcj4xn383yt7xvdyhq37m0kk,0.0,107845589,0.951,0,1800000
pool1wdzyy2lwc8rd5y9vxwkyxpv62dsa270jepjgy9fa3zpqgeuszun,1.606,1511848270050,0.894,1,12155213996
pool1xaxps54m30n35fegcweum3c86pr7xp2mmcvfsd007v9ps9xu8js,0.0,17225642173,0.797,0,7219836
pool1jq3s8emkm332n7vd3n57amjzspvt3hygh4wqsyp33psugvw7zc0,0.0,502300231,0.671,0,502300231
pool16sm29hg3qrk5lyp74qcljt38l86v5zvg95395h9gqrn6qe97d9z,0.0,6853498369,1.155,0,2741453189
pool18cx6qhjeynrsd7pvcrv7e3y65ksyzguaep2427zumc8t2qzxvsk,0.0,146766064160,0.816,0,9027544856
pool1wpj6th0242z6l2s7zl357a6rv8s7a4lq9x0p74mev453qczweyf,0.0,6296222247,0.695,0,6235559617
pool16xwm8el8knrmxee7d79wjt9lgm45cyuf055rv0s0ms05g592l2c,1.64,2983524501942,0.999,0,2436448797
pool19gz6ffzagyh9daymscvyc64maq2xf4s05w5upthferlnwd7vgr8,0.0,10137954961,0.0,0,5567949459
pool1sfjdu0xmz7vdmp6cufxd55gprp95g4p703zzr3upt70dst0fur2,0.0,1524674465412,0.526,0,3121193746
pool1qp7ge7rwk8ht63v8z6vkyw3g8em5qr5k0z0l6ta8mxjtzx4dzy8,0.0,179886983,1.054,0,114588717
pool106l8sgu50wpw3nmqkmhlgzl5cctw428ruem2rpwjklg46nprex0,0.0,502365742,0.689,0,502365742
pool1570nv2jeglcq92gg0qmkyl5dwg92mj4374j4c7eagx47kdm0r4l,0.0,15576781783,0.868,0,1680895147
pool1z075ym5pdu9cmeqzassp97z36ctkvuvg7pcxjzluyv5zqgau4xg,0.0,30774107792,0.243,0,5529608100
pool189ysyxejgdu0d5u323cajq40ec6wsacq3yav3ul7fdxs6mhdhr0,0.0,3930181333,1.14,0,14388712
pool1nyh6jcznks8wvlek7r7rlvg9hfchfqqyvup39ugkmr6kghrl0as,0.559,150475287372,1.12,0,443632849
pool16l00309tdqza9606rltqtrqejx7tcr2swa86jrmz459txfnkgq7,0.0,4940301320,0.883,0,4225926615
pool1ucmm6rgdta0sw4qrcj3vml4wsr8pld495pptuypxg2uuvvlqest,0.0,20559133742,0.666,0,3501705624
pool103w4na57zyunn2s7r8cgrnqgsn3tskj4w69yx3alx4sezphv53t,0.0,264726203,0.806,0,5000000
pool1rk28hp58ptwapha9nc944ast32gln8a7hx6eue0gzuj7sndzrhk,0.0,54864017300,0.27,0,5241745939
pool1f6ltd3rd3e69klr32r0xw7h59lc76lhc9l705d380lj76d926du,0.0,2935905040,0.932,0,2924031090
pool1sktjey6tdtgp6svf0d2nth7ruq3zjnhgg2dckpkveyeqk0jttgj,0.842,8468491955,1.08,0,1006873630
pool1flkcdxj7cq6sfgl4fujx50p20ylqgj02kgwvfj4g5w24s6th8vz,2.598,10483391299519,1.062,5,3007592542
pool1ngv77edpdwjcxetg9rez7hvhjnvxcryd8kqyje95lx5gukj73r8,0.617,120676962492,1.188,0,6324046368
pool1fsck5keruz5n4qyes46s9rvrnxcrn8hukemgxazzlxpp6g66fzh,0.0,144257381021,0.965,0,1800000
pool1mhrvkx5vfv7ygd55wsknycz2a8d6gd6y8m8rgdnqwa7jcy34g05,0.0,15243976509,1.012,0,15243976509
pool1yxkhe2zp9rccyc3a79lxev5u585r3z0qqyl3qpx0t04hxhmlqgp,0.0,55221251654,0.987,0,4541805012
pool1yjz9nhtlvnl9rx46t2kfufwxd338m0kw0jxaj86pqfthse837z8,0.0,316065599936,0.0,0,5009060140
pool15jkpn2jewgensrnulsm0kqtj58nauvgng0qvy2ux47jdwncsw9s,0.0,10716764409,1.193,0,514242355
pool1a58fg4u3mcr2zwyqlc4dqd6mnwqjmcussmpmcml9lrmszwedmfy,0.0,4988631386,0.403,0,470531542
pool169ys5c50sk66ayy99jtjfmj0a367wkv3hm9c5d0qg7w2u7ya5zz,0.0,5221704218,0.0,0,5221704218
pool1u60gvu8qr69z4vx9wuqelxfhcuvjuxuvxyj9edf8rkmns0405ny,0.0,145469348917,0.946,0,1800000
pool1lum6jezln4dtxsvjgagnd06uavwps9ntks9rk93h7spzkgyzu9w,0.0,24048782929,0.0,0,6607056757
pool1adryduxm4puhn67tuxys7rhvdleee6gw5pc9ufnwwzp8k2wjc2z,0.0,9308804645,0.0,0,9306845910
pool1r650ja5y4jy7xd6srjz8ujkumy8xpk8kqgrxu92g3nwyk5jf4zq,0.0,1066711500,1.134,0,1006797876
pool12rv575nj9cfvy0r4th7jtz5x3nt6waht0qe5fdr58ucx77tk7pu,0.0,5647630894,0.0,0,5647630894
pool1zpsk3ql6qgzkgqncrlzulf9dype3km52rcdnajn5ttddwhhc3vj,0.0,6734321082,0.0,0,6734321082
pool14sy0qjv6fl5jcv0gfn6zl8w9tqnm67drxum6tdmazcjvypy848w,0.0,5522056913,0.0,0,5016208988
pool10s8x49tu6wcne63rqv6gmnhwpcg4kg8r4s3ncv6q7uxx76jvlwg,0.0,5097623546,0.0,0,5097623546
pool1ru5ltcffgwnz6qdmccq9lcfu4zncygacm5fzvwz6tq9zcfwyl0v,0.0,5021439761,0.0,0,5017621566
pool1qg0g6hv2e50wevkqj34g0cya4f9audctayzp8wqwhxtdjnhn3tt,0.0,128654452377,0.95,0,1800000
pool1xwy9ulstsdfwuh0q0jc76hjalvmh2mfal004ep6ka38k5z4zmh3,0.0,8490694911,0.0,0,5007027031
pool1r5r0z899up4kc9slygn7a2uhl9ama33sl6qwafvef28jgaf06hz,0.0,7280580661,0.0,0,6151289367
pool174s9fj3073jx2t8zlm5x8rvyqt52uult4jn7slyrtg8gx8ay9jy,0.0,5585614991,0.0,0,5027517645
pool1gqp9e65nqy0q08dvqst6mk9fyc96sdels5drncsdz5d82dpw5gg,0.0,108761740,0.772,0,107256080
pool18vyjg6jlyt2jywae7ndzv0f7xkrsexxgyhunxrlgm3zaku0327k,0.0,140791021550,0.94,0,1800000
pool143nv3macakarny2hvg67gg00q5j2kdg6yfvcmefqmea3vnj0nex,0.0,52074008433,0.568,0,3686117825
pool1her5uyhxcxeyxws60jrft4kkczc2uxyz3z2sq24582z9kvwsng0,0.0,100777362,1.161,0,100777362
pool1zxklu387uqpzpteqfk48enkuwyjvq0qawc2wvrdym540zk0yqps,0.0,130377442594,0.926,0,1800000
pool1u4e9h7ssr2hcd550luvkua88gly3vzusu46ftmqn6kvlkh3v9gf,0.0,21267895739,0.0,0,4886718117
pool1vve4vgd0ncyjvalr6xzeaxqmfzvkqmxfswj7lyae8qsgqhta9wd,0.0,3401517137,0.897,0,1036156147
pool10pvwz69qz468m79ysw8qjcav5z830sv4zmeprru2n4anyuxwj9l,0.0,124122312269,0.915,0,1800000
pool1ye53d6kl460egekdnunjl4tx5zhs5puze8nqkfxyjuae7364w74,0.0,135349075177,0.921,0,1800000
pool14nzt6708j4jgu5f5ajxgp0pdfp42jqraum585dy2r7vt5zulyd8,0.0,15111301301,0.293,0,4509247608
pool1xt0z35f0ms6xt5r8swhtd2xcymqxvk42m8fk5q8fnw8hjhr6yax,0.0,97510309,0.731,0,95940954
pool109k0t72eh8txza4ptnagnfyqkjnmfe60afmtm4dvj9lz7dy78lh,0.0,657091550504,0.309,0,3562115547
pool1mnj07j4n605djnx42n4q88j5k0yvarp7lqmc4388du3rwnljenz,0.361,2105511945825,0.801,0,2986964530
pool10etudcty0dwyl0t40hdmdpry6484ezyk6w0fd97l04k5gwzeege,0.647,7278411998659,0.65,5,24880144702
pool1f2pf8da5vxq8mams3gdqhs2m2yk8wngdesu0cjxkpd9jk7a5v0m,0.0,45413520007,1.507,0,116808861
pool16uja2pt05ddq9mzcsw9xkv40qdl7sm00nvpj0h4arn0fgl2xrae,0.0,2532541028,0.786,0,2532541028
pool1gvnkmpfu26vncrmhj6hr792kwu32hw553upadcphjwu4qewj7jz,0.175,934295221002,0.825,1,18793309059
pool136903m0kag2amlga2ypcz8wnf7d552qgy5t6vz2pqlzuq2kyshy,0.0,127425678292,0.744,0,2342348978
pool173qemdqfjnkrjzykmc0j4nqmxuuhvvv42pawt4xka3k2vwmd4mr,0.0,17585020357,0.75,0,2104658638
pool17ak367upaay0c9thyxq9xn0qn76h03r3j3s6dp658ha650r38nz,0.299,759853260203,0.822,0,537601145
pool19n2rjlddd0afs02cgd86mehptwaajv5kndtfcuqzdmgzq06lq0n,0.0,3185410217,1.064,0,913771674
pool16uf3j299ndwd3xmv6fvh648pc3s4c3y80g2t0y2rwew3xz6c3aa,0.0,5777870727,0.525,0,4065410123
pool1cjjtz6enkc76yytlf2zd86ngdu60e705vq7wq940ncu6506s6n2,1.584,3188723939132,0.986,0,50131006248
pool1eu8knr403p82ythegskwmf8w6v8l2w858d8jz7qvvqzj7ryech4,0.0,5694332449,0.915,0,101199207
pool1hg8vu74hyaj5qm66ys83c0gmr44j66g2k8s9sns4htw27whsqwf,0.0,13101208943,0.372,0,1614064977
pool1jk9na2mu29wwap6pprs0c98j3rvh4jva95f5m3hxnwq86tk9c0l,0.0,5077334657,1.047,0,2706222775
pool1v9z04yz8cs2dvnmvfp2fmuhfvs8w784x6w6r8ah9xanugdzlmg0,0.0,7863413600,0.0,0,4041788331
pool1prn0a3058n4e0evm55gvc5rrawht79p3jxpv42nq7s2ncxhszla,0.0,1190761831,0.53,0,1190761831
pool1cljrz5vyw7jp2mp23nt9ywn2wdg5ulamhalw6d3mng326laxs77,0.0,18599471,1.001,0,2531107
pool1qw4h9v0yqy53m2yx6ngcj5w8394q7wtmfk06edlpvu0zw4gn9ku,0.0,7727136525,0.0,0,6097624954
pool1xk3ck79lra9c9x5c684lylvg8vlexmh0eh7w90t6s0zvw6k5vn7,0.0,6470103,0.992,0,2572427
pool1w728ekz4fs2f33qmqf7047hvwsmarjrv5l575ncnh7hkc0zdhgz,0.532,8085696876,0.578,0,1885041051
pool18mgvt3k5sm5vns4tqu74qt036tw0yterxuz2zjczlqr9saeas9f,0.0,13011036909,0.316,0,4489531728
pool14glhqr7989jz4yu0hnytpw62xlq0666sy075ztufdya2yw4d6fe,0.0,3914912996,0.856,0,2220046933
pool18e545ehldchd8qr8qx7q7m5dljzaky2twxrynx2z29ru2mt6pv4,0.992,91041387815,1.033,0,1397935280
pool1gwljutrkqx7km7ec2e8u93y0tvd8w07mgz2aaeqj75h9q7tntmq,0.0,38195581029,0.98,0,2300524
pool12h408zlkavwxw4wkw96mt8unjs8sn27k0yk4yhz4pzvsx0wvmq5,0.0,1133494477,0.982,0,2201398
pool1796kveuwxrquwhwnne5g99er50q6alcaf7yjf3kd6xr5vemfaqc,0.0,399168123,0.974,0,2070650
pool1qds0ldd626j09nnpn3g3ne2fvn65phr6cz74k6xv8urtgygu9cp,0.0,8366811631,0.618,0,814289522
pool1m4r66650ugw2xshz3gtred6wdxcn65v48r0r6p4vy64dy276q8h,0.0,5203753,0.96,0,2411433
pool1tpd9mcw6y5mx05gv9rgfkl6y0vsdswqs8qdexmf8vstkqk0snau,0.0,544473207,0.97,0,2324504
pool1wxzwqzl8c5pmsq6q37a90fgmpw7z729hufmydg33zcz0ktp5q8n,1.429,2772083361774,0.912,1,3000000
pool1xnaxushl47aeha3mr3uwnxcfkvzj0um6c4zxdr064d3y68z646c,0.57,117977263996,0.63,0,6234879
pool1dadfsnjauzhgcvz5hkrulwevpe9mk2a9rsxt24pawcy7zndhll3,2.087,1031876658821,1.058,2,3000000
pool1qprj52nh0j32p5vq290rludcfz58kujyszt5ztfvj2ymx43649f,0.0,355086974,0.976,0,2438019
pool1687dfgyljnhamx05h6r04zdllv68exatshhd0jny4q56skc0926,0.0,3360713955,0.0,0,3355463742
pool1h4g295xugk46jdyxv4m55y9rp9kln0k5hy8fyk2kaef5u3gmt8y,0.0,495282744,0.747,0,482590245
pool1wvgf640twac8y7raqfz8hlqz4sajyw2gfpcxkq80wygekcx2402,0.0,2043866091,0.32,0,2043866091
pool1jyn6ynmz6qcpr48et0rkdk9j4vuyn6d0qdlsahc0jls8jrs708g,0.0,11536676262,0.564,0,1377437325
pool1klq8yy3rr6k4ez7uwkzz5ku3yuym3eeg6g2ne3p9f4hnzfycfkl,0.0,4310452,0.966,0,2493879
pool17m2zg7dcg54a8gz2jgkwz2s3fzzth2gyf466k7sy4dl7wchp3lv,0.0,1001670616,0.381,0,1001670616
pool14ujg8l2x6fm5jm07jd6jftktt35dzsnefl2jmx9d8vr4cxxkt5d,0.0,92631511472,0.737,0,10591566
pool1fpkjz7j77m5ukhjx5xvspfttrs0578kyxa9hgn0458hk55wp784,0.0,4585779,0.928,0,2339805
pool1wsug8q6kjtje0hzwp68lchwll0046t6huua3f7p35fttx7fcwm8,0.0,6813883250,0.322,0,2017940946
pool1e5efe78z67djz6juekzw2hqpu3tn9eaqmekdnqn2am6j25kmrt8,0.0,3502420645,0.0,0,3502420645
pool18en4vtxkjt3u5x6ctu9l3nqmr6pm3r7akxgu84450xdvkr4j827,0.0,5114922901,0.0,0,3500428917
pool1l3u6jww4npkx2e0utcsmkhwjjgnp43w62exrqwzm8wudg0457e5,0.0,8631314979,0.807,0,6423846429
pool16erldmmx5nvrwncujtp6lxs9tmvgxcpthd600pe6axm5z3p6522,0.0,9535081744,0.663,0,1001136314
pool1jwgt6tydz6f4kw7la2hxxqwzq0m8spj3reyju08nm07xjnlg3d0,0.0,1726551213,1.021,0,2260736
pool10le7rwlfg3t9646gm09jp05qg5kqvq3gvut4q2yaeu2ujncnh7w,0.0,3212050886,1.586,0,439569766
pool1r6dzsz6ju52hgelstefrrel4y8fsyt8ck9qgfvvmamgns4vh7w4,0.0,4793065266,0.701,0,4014214472
pool19rs2895l5ghjn4d38c9qpqn2d44amqx7cqd3easdav5m786w6ng,0.0,2313267409,0.736,0,1391315249
pool1q8sll5g69z98q6mmu5teg7zn4fnlsqjyq898e6cxmec0cj9lk6r,0.0,223194252,0.433,0,105927120
pool1mdtkvurnjyh079s45jtscls55trr6t0xazf7g2rp3nse59avrxl,0.0,2447309913,0.529,0,2447309913
pool1kjcnrqhv5dqds32qy8qsc8ffswy20kwvf04f73td3nuezvgl9nn,0.0,223642651619,0.571,0,7626719000
pool1vurlp3ndgge8avz3h8lu2wzdqcwc8w4l5s43rzlk8p4pz0x5vla,0.0,12312490083,1.13,0,2048719745
pool1sqjyrgm94jfm2s6y6utvrf7msewpcrfne7qylrffekc0jtvwdlk,0.0,4168808481,0.588,0,4168808481
pool15wfu7td5r4k27erk5q5wt06x59skxxyqj206tdnfmfmk7pd3rp3,0.0,31746493957,0.576,0,132778425
pool182eyxl2a92uw7yg3zfep2cgzul3h0hh7afu760xpus2tg2j4m3c,0.658,250042262961,0.45,1,10000000
pool1f9jpccuyf2enxlacrqvwzt3cmx6rgft7f4gpkgqn2v74c6jatyf,0.0,477681148,0.347,0,307044407
pool1n9vs3ye3939ae8x6jfkf0unksj7q05zgsk2fnm8lhve95w3j0rs,0.0,1354324795,0.174,0,1354324795
pool1en2f7un7v3rjyhqkeg87d27nvsk5arnnva5tzx38t0lpv7hercz,0.0,47139560539,0.604,0,515186302
pool1fts0a4clzu7wyhdqw48cpg2kwvstzeqddtwj34pxfw9jgvznu0q,0.0,6399036,0.964,0,5031048
pool13mas2wthxs28zftxskcsd8t87jk2w9ntc0u5uflt45sh7lcvs8h,3.291,74504912846545,1.012,56,35627298657839
pool1f9934hk9awd25mmxl0dd2haqvda9nlquwnh5pv64hs42znl07zj,0.56,69931429720,0.952,0,642477727
pool179u2dtcn92xv7n05dldlevt6hcu5v3p7g4aaqva2fm8qjzu7lpc,0.0,4226888175,0.202,0,1802630979
pool10d303wup90j39mmvysf0lhr2xmr3mf38y5vs577nmlq6yy8n666,0.0,6313352649,0.0,0,2094610759
pool1h5368szqrqvfy7txc5r2lyay0xx4fvp2w38mswplqknax8l9wl2,0.0,45955181377,0.491,0,1552933371
pool1kxfg47ms0mlszthp5j8uqpmqp6575j0nfusqne5sd7ggy3ntlsz,0.0,7718445248,0.0,0,2102239319
pool1trxkcm5vnaj07htsmlfgjpwxmljy70ucs8z2n2qy8mvgxr73qlv,0.0,6966305086,0.0,0,4662258484
pool1d0ld90s42dnypxxp08923d7pezh4xnzht2gfl5c6xm2pg6lyyyq,0.0,4767922558,0.0,0,2006489432
pool1u4u6jpf2verwtq2wjcrdr9ktnhgjpa7ag9qnnkfgqtxj2rh9d68,0.0,2752688285,0.0,0,2001628342
pool1em9u4sf0lzkz4ammtcmakymunpf0l7445ayh3e7fpvryw640fc6,0.0,2404725534,0.0,0,2046640231
pool19m3xzv58uymw76tg4th6q5fwkg9zktc8alvyysr37u04yw86axc,0.0,2015433009,0.0,0,2007611710
pool18cr7st8wvagllpgq23y70ncnejux2dmxrsdc45hyalk67e63jg6,0.0,2097621830,0.0,0,2097621830
pool1c465ftax734tzx0kr36nudtmjy66zzwqgmct7ktpff46u8hrl0e,0.0,2007224344,0.0,0,2007224344
pool10cpz0zepq23hm6lrk8vgnsdwl772lasq9caaemvw9kh9ktxqygk,0.0,2235339908,0.0,0,2193294055
pool1ydcx8pf36rttvgyak63kqpgkqgrwp94k6a723zsxer0sja9t3d8,0.0,2491888820,0.0,0,2491888820
pool127xz8pls3lr6nct6w274ph2g4u83vqajgykf3l9ll772gvmju8z,0.0,2162167160,0.0,0,2026816204
pool1dwlkpwakps05gelgwdml2d44al2xfsv8k9jgrkwsevlxxpcelqa,0.0,26882454425,0.64,0,101066235
pool167n02n48l5hfgfu6e46xq8n3yefccm9dcnmefkmxuymhc8ncrjm,0.0,2689502728,0.679,0,2656310120
pool1c4tqc60574fgcyqdy53vyv4dusjpj2zd9grm65avn6cz7equ0g6,0.0,10286953804,0.0,0,10286953804
pool1gduk8s5stt3uej5nl9vs7marx8jjyeadwz3505gzvuqey2lch35,0.0,3068811017,0.523,0,1961806210
pool1wxktpcvaceu8zcsmjk5k0nu2nldm762ra6m9ept87fcvsqucdkx,0.0,1845225224,0.0,0,1845225224
pool12r785pdfuyk5syca9pxs72ssjqxpyg4azrp3js5jx2et596vvwp,0.0,18820879929,0.495,0,12272627
pool13ew2l5glvzj6l8r0qkjqchxjyg7tzmv604zh4y68kvhf5x5skgu,0.0,122492776381,0.953,0,6761854237
pool17cacd3k230r83pw5xny6d493t9wn5ww730m6wayuqsrhqwzyecv,0.0,4972443790,0.297,0,955922612
pool13u45a953lme8y835e5upndqp50r887dha7gt26v6hcaeup4aavx,0.0,1838324182,0.0,0,1729423021
pool1l6946mnu54f6v0we4xzra8kwm68ch7fphhxvgytd0m4lzk3pats,0.0,2939359417,0.354,0,376405598
pool1alukhlxd53jat03vgt5h4dxxqyaapzefhk9yrl40e4r3x5cr5au,0.0,260176076,0.899,0,2882480
pool15z7890uxn6nwl2yufxgrdsvjrpd0kzngvudfm2z2yafsjgkfndg,0.0,385500629,0.829,0,7615098
pool1tzfqal2n80z9zejfxlgrc9qhdvrf8gvqqvnfx0e6h0rws4gqyxj,0.0,11696056783,0.535,0,11652871481
pool1c6ezumxqayxzfwec8q8nz40zpf58n3sr22nstpxf2pg3gggx0ce,0.0,1501200000,0.0,0,1501200000
pool1vcc9lngr8g2j8xh0kgy84nne026adr5zmvwagkda99spy23993l,0.0,1555696536,0.0,0,1500600798
pool1ylkps8vax4nzxe507a0mx2svu3p8w2mkvdhyjqu7rl78q9rehh9,0.0,612166543,0.281,0,447564264
pool1la6wjq8uaqctd05zw58dczxp6csf2z66wf726kdfyr9l7hnr6jp,0.0,8057292913,0.299,0,8057292913
pool1d0329t36ac7udkqe9k5w4g4jpn8xrqfjh2u5jrrm4h4d50wkz2c,0.0,2839304609,0.0,0,1686687763
pool1mzry5s8pkfy42ul2xevaq7dk6qae8247hqd8serm3ms06glvny0,0.0,30134863138,0.252,0,912219800
pool1n8nq690antqxcekkekzk07yp7y7psmm3v6ad6tmkm4v3ulyhz0w,0.0,1239274809,0.403,0,11636225
pool12vx0utf438rpxskmvwm870vpz6qnur39jzl7gs3hhhldqekzjea,0.0,1967532926,0.0,0,1497611094
pool1w404pkpkkw067ju4gjnyjdmqfex6wn92vrffhy9txhw5kxzupk5,0.0,1230538750,0.0,0,1230538750
pool1n3agd6rep8jw3gff684mja56ns6wqmshayu0av7hxcgx7f4pnwy,0.0,4095742493,0.0,0,1097096991
pool1ft4z335t0eclqwlxdktam5wphf47swfpzgxe4fslnjz5y70hq2p,0.0,7831333431,0.0,0,1112215016
pool1f6zwfx8a8pnfusuv7fj8h8uusln49sl45hdpzfz7965ag00wycf,0.0,2730864018,0.0,0,1037215896
pool1xfj4dazvq0fszalwm30zr85ka9t65mwpq3vfrprdw35mwan3vq9,0.0,28683993512,1.582,0,1501139082
pool1mfyzxyggryp0jhgghvzas7qjdyz2rcfnm5rfq8s9uefvukrlps5,0.0,89709949633,0.975,0,449019706
pool19nfs9chtv37vfawvpyf0x2shfhns9hpwy3qfckvpm4dmq0nrl8m,0.0,35017755985,0.0,0,1001730947
pool15wk0wjrau5pv6rp6w34g3mjxqejkfj3yak0xa9m63upcxx63myh,0.0,258477553431,0.577,0,13768478915
pool1wwjj0tcr6w9nvk0jpvnrqq9p7ukn7wux0h669wcw25t0zmx3zfh,0.0,21927758500,0.0,0,4957047843
pool16gkhcchdyqr7a9vtupchcdaq4nu77tq9t0ny0k9m877u7zv03v2,0.0,5442489968,0.0,0,1182866914
pool15amxxauxh409wcuc87e0tusfzuka0wfvxhxmpt6vugqgsw6j4d6,0.0,5060258964,0.0,0,1200427817
pool1vxz2dtul2asqpxtuy60hqg4749dw7uy7tyg907hn65luws3wxfv,0.0,1308786552,0.0,0,1002502298
pool13ft2syyqvrd0x89hcyskvz3dymqz6xavq646x2gy79lq6lrthrx,0.0,4259437485,0.0,0,3904692550
pool1v8pu7txqydjmfhusgrfzvan4pragec3wu066cfmq2xpuvm2m8r5,0.0,1043035373,0.0,0,1010405929
pool17y4pg5j8z8zklmplel2l3l705zx706w3mrac2etns0uccehx3nr,0.0,1037490472,0.0,0,1035664597
pool165cyssah9wcnkuqq339c9fam5wga3x7zl6kw4ktltq5x68tlu4w,0.0,1075435349,0.0,0,1000000000
pool1r2z2v45320taq385pny6gz80hyq3rsue8r8n0w9zpq0c7yjl9el,0.0,1018842337,0.0,0,1014627418
pool1xxjcu9djguspkrctjgszvzcagy7pzy8vxqfaqtl5xy9824fz2qg,0.0,1007620730,0.0,0,1007620730
pool1v46kmtavsty57aql824069j2p6wxpcpk3j25veqauu54kynydty,0.0,1032235168,0.0,0,1032235168
pool12f68ksfmsthe4r9xx2up9x4zx43tstu3psmjvk57papsv8vu9re,0.0,1093094791,0.0,0,1093094791
pool15m3nrmzhaef66j4sue7p66yshtxfug84zuhfd8skxhh9q6mkgyx,0.0,1012075370,0.0,0,1012075370
pool19l2vz7pdk09k49lezr9zcmc4j98zc30htuw2rnqk3cceckuce96,0.0,1257550057,0.0,0,1257550057
pool1hjszxsd493fmr99g2d8evnqlrlurscu00n8jv9mz8qm42f7jvln,0.0,3470104050,0.0,0,2005908625
pool17pappd4r69ag7ud695he8rhygzh80qvtdtv8k25hjyggzz8gc53,0.0,1053239172,0.0,0,1053239172
pool1v5jj7xumvk4engwvqrxt0kfhpdkucqvydmmlwwq2x76hz99affw,0.0,1008640310,0.0,0,1008640310
pool1dzk2hrh2vtfcc6wk5n69ml6a08jc8d8s3lpg7jsaydcdwrerlq2,0.0,1000819149,0.0,0,1000819149
pool18fldcktken22hfd3tyx8qwes46lv6jhv43jhns8gg24k2rta4al,0.0,1212621566,0.0,0,1212621566
pool17ntzw85gdf9zefhy60y3z43qfv8zv4569vq7m2pjewrzc02dz4f,0.0,1021500453,0.0,0,1021500453
pool1reje63x6l2dh4t6d8ya3m04c9lypu4chc0cvn4jnk7lmus54ckn,0.0,1007430809,0.0,0,1007430809
pool1m90qdgknvwdewy6n7dz9ufkfqtscvdaqnw3q2vaphp20z27w706,0.0,125283648382,0.184,0,1187238209
pool1k6u3rdl30ruf85q3jpzcfyq4ta0umrxdlt30rcpxqqasumcnkgu,0.0,1008611006,0.0,0,1008611006
pool1qdw8vw3tk20e4lgcd9evd9u4hxj8zekdg2qpmnzdk83dcncavpd,0.0,1588049383,0.0,0,1588049383
pool1ed2usjswfh2hfyvatwuwl959y5g4fkf63uxtadcuez0l2rjn747,0.0,1112619894,0.0,0,1112619894
pool1ndu9fpv7prmp6r6k23lzx6fcpjlvh6upl3w8ghldys467u6vvrl,0.0,1405326847,0.0,0,1397018530
pool1vgfc8fqul93hf6fnl9n23czssgw6xyqx2yjn0lxqmcmvvc839th,0.0,1652303744,0.0,0,1487914206
pool1fd6geyevpsg26s7q58fvuv2eh559n5p9vv3ctxjs74v6g7lkew4,0.0,1002621654,0.0,0,1002621654
pool1vkaycnf2sv8rxzv4nex8s2unnzahtjs8eht9ypua4takugjgaa0,0.0,540700677,0.198,0,540700677
pool1ag6ae29hrcjhcjaqp56hwhwj9geszjerwqrkjz6xndmcq3u9k80,0.0,1967312227,0.0,0,1949430457
pool1szah3sjg5vhd09pa0y6fcsyja2rttsztdp0gj8jpngqxz9kj0a8,0.0,4466363778,0.215,0,440214474
pool1jv9pf6w2fmjqpaekyt74tjkmjxhma8wsqs8ur3dte45tqdxe3t0,0.0,104765624873,0.323,0,1103441939
pool1fmrd4ds793ja4c5muy7hwj6q7kssuhtx22em4udmvx6957z9m0u,0.0,7086151508,0.0,0,3511839844
pool15xfeh7v3kr5j4unyeszxnfvy349d4h8s92h4xdwl2hct6n0wgah,0.0,939083298,0.0,0,939083298
pool1nqveuw4q2yw9u9x6yzy260skdwc309krsx32hmgvpyp962mu996,0.0,776657131,0.0,0,776657131
pool1tcjzs5lp05ze2af8tk0pk3e3w6ey9ec0jpu9hxvck32mwxj9xwq,0.0,481388394208,0.0,0,500000000
pool1fcp4d2pxh0e7q5ju63sjqcdpxpr3pvxg6ykl23t6c97d7dnvjvw,2.791,74590368948485,0.96,41,5579928984
pool179mnckg6xz4w5x6k9056yl7r2ej8fd8uu68fc2vlsmulg7lzwhy,0.0,57436266933,0.116,0,450496954
pool1wm89xjqp96t3mlun3pa5suxa3t4s5lluq239en0nxl7pcm5tprc,0.0,133272238103,1.066,0,10293047
pool1msfz0v3yrzl3k5njsm92uw59cfs5uepajs4a62rxfm5xke9d2zr,0.0,1047231164,0.0,0,1047231164
pool1nyj2wwps0nk9kn48rtqck5876la35k3j4talj24gpvnauxqsfh3,0.0,4098244613,0.0,0,564425881
pool172gxn08m64vyfvpn926t3q8md5qf0q9k3y6kqz6krj8ry0tntmz,0.0,552424253,0.0,0,552424253
pool1s54847dyrcpgxjvsjvhjjqjrkz3x6vevy77xaqje5nugxhp6j2g,0.0,12145784,0.127,0,1750033
pool1t6stu46gth7awdlrdmxmjhgrk9rjhez9qfnlhkhfvf0fj4q3h2a,0.867,77488172941,0.993,0,50087067379
pool1nn7tmm2antyp4879henta5ysg7a8g4pa02d6es2s2zc9jhpdptl,0.0,31176618404,0.0,0,532093207
pool1vz59e00250xfjck8qd04kns89j56430wjzpdf37zfjnnyxttm37,0.0,46081456906,0.0,0,500379251
pool1673d663ml4p0mtreukyfx5jt7ekk9pajsyyv6utzlakzj0y9v0w,0.0,21343335647,0.0,0,500714954
pool13h7z0g56m0atqukzpdt8anrdytpyt57xmu8v5vv8rase5hswern,0.0,1282530275,0.0,0,1132530275
pool19u2lzwnmkz3gqqmx9sahhys8nqvwzkl8dqu7m474m0zsj3acjfj,0.0,532618310,0.0,0,532618310
pool1dhzv896pw40c4tw23w4h2ux5yzm47r59h8qaqhu89shwkugqygj,0.0,1001063730,0.0,0,505835174
pool1wc2vw2x2xu2van4acthhk08xtucm8ddpuphmw0ahnc99qtz4a64,0.0,10121061287,0.0,0,545512809
pool14ts4y6fpvxnc3e2aqwxqh5xskjyzlpzk6rexgyt3syh2vdgrv7a,0.0,10348142426,0.0,0,500000000
pool1swzse8pd2atsr3zql933qxlzn5cjzrl0fjejsh7q3pmxzrupl3s,0.0,7493582710,0.0,0,500000000
pool1dg80xj5qfgu2caursxwk67cm34esh03kzmu63qu89vdv2vk3x4u,0.0,2841690059,0.0,0,526620774
pool1aznnuv8rx07e6djpheq3kh05r7zwm0z672u8vd8tr3yxsnegkp4,0.0,1340486162,0.0,0,507718757
pool1jphnr6n8v7hg4rhsmel2s6yunjalthar07vv7rwvgsky5q8k49h,0.0,812165326,0.0,0,502429929
pool1d25d0c06al8geglarw7yd4nqh65nws82d7v04yrv2eec7rwcjlk,0.0,515619014,0.0,0,515619014
pool1mgpzhdjucv0hyyndzq08la7m5h645wmsat35gxy9fv6au9k7eg4,0.0,997620818,0.0,0,997620818
pool193cdhdpaedcev7x6qps3eps7s4sh2v8k6v9yr4tc2ulujq4982d,0.0,507449333,0.0,0,507449333
pool16zymwv7r24sgcxg43z4ce0g0mw0yt6zdxehcgwyksj456y0ef4a,0.0,507236356,0.0,0,507236356
pool1hgksl8y3637f88zhet6g8j8seq2kzp6v2qt4ct2maxaxzt0pmmj,0.0,531275577,0.0,0,529503708
pool1znp7z30qfdgwcwel4htqmwapfm2h05ml32ttt8znevtz2vwnqwt,0.0,607393771,0.0,0,602616946
pool1dadzh387unlwu37ek693hy9a7w49r22mrmrl9y0fjfhhqe4qtpe,0.0,507621786,0.0,0,507621786
pool12mca6l778v2e5wq5a4kc08h6grcv9j6f7yykt9wyjttckfxksvg,0.0,1014271248,0.0,0,1014271248
pool130u9tm5kzsjkzlt4zq989s33fne5n9qahkdcmamh688wzrk78g6,0.0,697439961,0.0,0,697439961
pool12mvua605f7w2gs90d580ywzyyf96je0y5q6zwcz2l76tcdqa8y9,0.0,507423329,0.0,0,507423329
pool1kn059wyuuff0srprtvufv327th542l4c25e5hhcmwlsjymwr32d,0.0,504683670,0.0,0,503612018
pool10glz67jju4f3gjs84pse79vsl6d34k764hs4cq6fwplkxzf277w,0.0,546916447,0.0,0,545559713
pool1p8ccvv2e8l0eaxnymlxecl78f7g5l5mkth74v8nsqulzj3kz38q,0.0,189467592491,0.0,0,497633490
pool1cuzhrcpp676p4u9yk2vrtj7utmq2dy4ey56uw6znml2f5hrpgpw,0.0,5477524588,0.0,0,640528036
pool1ah5jv4mrq0z7g4wuhjjnc24kfwqekwcap0wqmsr57thfg8mpr4n,0.0,1544341958,0.0,0,533618090
pool1kqpy3de52m07versalrkqd57w2qh5cze3wupwrgx39m5gvtkjct,0.0,927386567,0.0,0,493619014
pool1qlkr6qu4mm38x77ldp2vnxn0gatgq4ernvvdw4pxze2tuyw5pfh,0.0,507449373,0.0,0,501040510
pool1aua33jlfntjm7a3xc5d63jmxuycwlwkv7xx0mu04zfjeyc4up7c,0.0,511697133,0.0,0,511697133
pool1rtr6nja4hh8j8hkrmevehw7009za3fu2vucv27rl6qdr6xttd09,0.0,544125690,0.0,0,507617122
pool1488f5rzus7kpu3zr6zwyw8mdy0rj4m3knssv58enurgsx40msjf,0.0,1087461798,0.0,0,589624382
pool1frxut5ury0r2clgpvr0dewlsvc233ft7g6v7vx8msepy5068evn,0.0,698292896,0.0,0,698292896
pool1rp466amdpse0gsmdkteqpqmnm5fl4v0q8juwwq4xagwygwzu8ln,0.0,507102535,0.0,0,507102535
pool162szyrlrwes7qwy0za4ekufgyljfz0lac9t8h8svzale67n8vl4,0.0,496719173,0.0,0,496719173
pool1uae2f4eg8mhzuur43w9l8vpk4dur58w600x0cy2ef5angazhg3x,0.0,3259062887,0.0,0,505603946
pool1zevtw8lsd6xh45v2mfw3ay5rqtgyt5dm77daglqwjnpgjgc0ynp,0.0,998257168,0.0,0,890431425
pool1repwaml372lx5kf3yw7568yhefa4d60r2d07un5gmykyv57ejxq,0.0,407405934,0.0,0,406405934
pool1rrzlme4g2r49x7tcesdkuk5wqv5ks2dkq3ptapgnclgvkcxy9sc,0.0,342417653,0.0,0,342417653
pool1t2zc29vmryg0z72jp3vh04awlxlrqf88jc3zfx7wm8dwjuhgch9,0.0,707520898,0.0,0,332637934
pool1ca862gvy5r06k5l3hulsphtp20tvuxqef0arzcyejdf365c5nrs,0.0,7656898014,0.0,0,1809605726
pool1eyccsl45l8f7sdplfs770460l2uqe9xfne4l64xvwewd22fcl9a,0.0,306763214,0.0,0,306763214
pool1vxpu476qrulzkk2u97emkfskmc2jx4mzznvupw0zf5206nx35vl,0.0,308097517,0.0,0,308097517
pool14akj80fz4z2zpxfld2jwvzdelvctck52uavy2kjv0l925nmj37t,0.0,307620906,0.0,0,307620906
pool18aklqwussc7j6y9nap8vxst4ht8s6sv76ge9799rzv3lcrau7yg,0.0,472976532,0.0,0,356622907
pool173f5kzeuz485kshvga3t7un8u699w2rgn77apjx078xd73kzj6y,0.0,347620334,0.0,0,347620334
pool186wnrzw2zq20wt6p9aer6z33vqgv4xaxm6445fa4g4wr559e0j8,0.0,251000039,0.0,0,251000039
pool1ga8rg7snafqj5t24zf4xr8cz7tl576ett05qf93qhcamgmkqmj3,0.0,494831058,0.0,0,494616908
pool1nlv8mxyx5juqe5aua9tplr5j9ar4wy950zlya3ul94wkgqmf9z0,0.0,245204781,0.0,0,245204781
pool1g637quu9s4v8e30s8y2jg8zfejsne9s8mg985q62y8jfu4khtqg,0.0,220848661,0.0,0,220825110
pool1p90ymkn27wj473ve0leq0u6s935atjspsq77kxttyzzqsekqjh3,0.0,4907458502,0.0,0,203200220
pool1rfwfql54dxqe2f3pht7c8xztq9c5wncdhcp542nk76dcgshtvdk,0.0,376518669,0.0,0,257630000
pool10pmpya78vv23pngluf7hwpg9lerepmqdmdu47huf5vsskt56wzq,0.0,247210196,0.0,0,247210196
pool1snauzgh8r7tww3emfmdt58dt4hpvyjc23j0nj3h0ql2wwzgdkp9,0.0,218055983,0.0,0,218055983
pool1vcmqgcykx4k3ngj2upkyhu424dsn85ansepz2xmdxg4mqw7w6ac,0.0,208346880579,0.0,0,120425837
pool15730lwmu7vrffkl40wtjrnctsfd840fl5jmuw230r0d65a74k5e,0.0,942823411,0.0,0,942823411
pool13pcwank3cs75ucumug9lstt9mnraexgzupcvdy83arz8wwn5jaq,0.0,158420338267,3.344,0,107629926
pool1k65vmd0uyy0k5eylunwakd99m9j0n2hfynkxzd9472276m32p50,0.0,138716225878,0.0,0,147225972
pool1wnrrg33lw9fxcn0h3x3vexh78up660ajgk7pvrlrz5kkcgh9khs,0.0,84290549113,0.0,0,5007223200
pool14tj8njl3ggzj4dzcsrm5yjekrahytp4zkh3s78gsxz4c55jfuzv,0.0,78221763886,0.0,0,107624030
pool1s7vl4r9vr2etmr2pfhcvxu223e8asaxu96te3urd7gh3c2kl74a,0.0,133400000,0.0,0,133400000
pool1vgryztjlm0grah2g5gngd0vlmy4z3yrsm42h00hn967e5mqk4nq,0.0,197430721,0.0,0,197430721
pool1pkqtms0pzd2x8phsrxn9kk5gmy4gn79edg9hhldykjd0guv0av9,0.0,1624415312,0.0,0,495416128
pool1vd9a6q0jknarhwfyg7mspplrgsxf8zsna7yjr7crrtqdwftl7yw,0.0,502624954,0.0,0,502624954
pool1qvqpd95v4k2ge6unntpettve72ntguk6qp9ktet572e7v4v9de8,0.0,136644068,0.0,0,136328469
pool15zvek3jke3z2uml5xeztl6wt56zuye5ne9caadz8mjn9ykyuu8n,0.0,23760953037,0.0,0,107625746
pool1chdvqec5lwsxuedrdhcdcxg2295tqrce9lcz3luru5fruzjf3wr,0.0,128905489,0.0,0,112225796
pool1wp0yez530qyyxu6nzeej9m9f2sma2w4r54hkw7dfewtts7qqvwc,0.0,11682509253,0.0,0,108656116
pool1kdr3lv2e7h5tx3gp3fwrpxhaj8cxh7v422uwj84enqxf6j5flj7,0.0,2992338910,0.0,0,107249204
pool1qzg0lsft8d6zz5vytz5td3f383ra8f46zsdnsa93dgrg2nf7ckf,0.0,4850845604,0.0,0,156625840
pool1hc8y5s28zah72qsnnky93zxqcqcrvav7hz2l3sdj5gk5znztcty,0.0,3043317069,0.0,0,107438817
pool1gmwp956mrfn5hcs7rp7nasa7xpwmx84kkkclyx48xwuh5dltmpj,0.0,666500221,0.0,0,131285137
pool1fnvj5za9k5ev88l8tw0nh3n4tn582gvf3d6vmuv7nh4ustqecn5,0.0,1803750610,0.0,0,102011235
pool1qr6jmmu8q2u44gzy2xarmnkq70c0ggz72nnh77qmevl62th69k3,0.0,381263120,0.0,0,100047271
pool1jwpt6qmmkvfusvwan4f9pfhn7pljsm33lcqf7ftya3mtc0fs2nz,0.0,421330216,0.0,0,144698748
pool10ez5uusmzx7ep6pee6hmqr79z5ee0lhgzdelzgptexh9xq3ar4e,0.0,1618426642,0.0,0,101008551
pool1w50f20mpxwtal3plsqmgrx2xxlg84hn7ep0fhlcajkhu77k8tfp,0.0,1257789162,0.0,0,754221182
pool1qz9qfxcxsc46vpgrrj868scmttjp3y9xaehyn6knknegcsphq6u,0.0,554651740,0.0,0,554651740
pool16rcqtg9gywenzkp6t5qg8um5tuul6d4dzwauppz7z3ufyaj0ky3,0.0,176553519,0.0,0,151053519
pool1zcdptx4spapxquc0rpeu33ucc3x08g9wxsmm0qchqg0dgxrh6g7,0.0,516425793,0.0,0,516425793
pool1uvv7r2zul9m2hm6jd56dygee9ddr7jnen5ysfy5z3xvez3m823z,0.0,940690496,0.0,0,904187162
pool1p39fgnpatsmyln2nyhr64elqfzxxk8q25xtkny97qgnlkllaxry,0.0,177309745,0.0,0,120549939
pool1van29pcguetr6gwnyfwd2g4f68rt3vkgtvu9wjdj0xwpylngsdk,0.0,2153970597,0.0,0,107224476
pool1yv8lps0rx4xxppwpm0vea852wwu6lg78xh3qfss7dmftq2gqy3r,0.0,642048577,0.0,0,100618750
pool1pujegnn8qf7xux6tkx2mj2qdn9jf0y4z0t6nma97wdgqudlc9ww,0.0,640942071,0.0,0,640942071
pool1wx9rs2z0nuzds7aj9dvptwcruxputh3dvvfcavnwr6hkjvly20w,0.0,103240601,0.159,0,100000000
pool1v6xpvq7argftng40s80804eyf4m7as45292las40jw0nxte295m,0.0,163755733,0.0,0,106000000
pool1jepxzmqljthtfvcx9dhcp7rysg9n40z6jxr9cw7963h0qv8mz60,0.0,590538578,0.0,0,105624954
pool1zd5jmdvhgcqja28at800tle5qltucce5979x3jgdv0g9qcmw268,0.0,229945819,0.0,0,161673712
pool1wr5ky4r3hz6hxenllvxpuncg7jya8gv89jta03059w9eqqjy6c6,0.0,413801996,0.0,0,153115046
pool1q34qp4ckh590gt99eadtz8w8ag3watavf5adj8qjs7guxmkgk8g,0.0,1047621962,0.0,0,1047621962
pool1u9vgtxyupd36czsdvh3h9zr8eakdqesug8j6k2nw7nszy97z4m0,0.0,177788132,0.0,0,144472620
pool1qd9yemufpf2fctpd2zyx9v2lv3h4fne3v8jplse284gqxk8ketu,0.0,164620642,0.0,0,164620642
pool1rek8m67j3lrslpkrv5twxr5adpt2r5k3qq2huh6vgx8jkcw4qc8,0.0,197456153,0.0,0,197456153
pool1hd5r62ktu43k53tskpr8xja8pyt5k6vws2fxylqm7hp5ye954ea,0.0,126003727,0.0,0,119032971
pool1wumx7h5vnkjwhv0rycjwdqd8cykvr380etvszgevquxwz02p5wx,0.0,110623414,0.0,0,110623414
pool1am69d5jfzgjepwhseryw59j0lspn0c0307shw3v2cvfq77gvnrh,0.0,102232264,0.0,0,102232264
pool1cj6js4ae570qqgssp5qr83zla0775u35fyxytk8j240uy2aca2q,0.0,105235662,0.0,0,101630865
pool1tem8k8927zvn5jg22g3mxuzhnu62jdnqvn523dduupce24vwlrl,0.0,135106409,0.0,0,135106409
pool1lz95nzjjmr6449lk0avhplw9678m6kxghvxzg2yfcmy3vl0k6jl,0.0,103230899,0.0,0,103230899
pool1p0jc0n0sqhj7fhm8sng8086akyyrsl085cvd6ewskhhly9tn3d0,0.0,100257520,0.0,0,100257520
pool1qhnjcmyy9xrf00z4uj66yedje5ue2ukqte2hr6dmty9a2gz7tu5,0.0,197226280,0.0,0,197226280
pool17p4syst04f92ylfzlcn8qwq8w5muxkwqn0a5fl98ksxhwj6y7g7,0.0,197226148,0.0,0,197226148
pool17dqwaa26crnkecs7lydfr8826k3evkv5ypdf7wx8fu5mzexxa2x,0.0,156277982,0.0,0,155020293
pool1zlsrcv64qzzahdky99r3e2m0wd68uav3d7f5nxegalhj66r8nnj,0.0,104493534,0.0,0,104493534
pool18qamc87vnl2sjd888f3gv4ssh4qjww859z9v6mr622fvjhemunh,0.0,197226148,0.0,0,197226148
pool1t2e4v7ajh38qhjswqaavjqfsevyllhda24t2s2u6vhsavyhhqaf,0.0,105132223,0.0,0,105132223
pool12zgtcv0cu5caet8y2tna9l0jhthr46zpwh49dh0g4ew05st2t2w,0.0,218794792,0.0,0,218615274
pool1s4a3y5ktdg7s08d6mntkctzc739h5n46t930jggef287cwz8pph,0.0,163039113,0.0,0,163039113
pool1ssn7vj756vpv84h5vgkkvv5rzk0zp6pp2kdrqwfjsffu60djyy8,0.0,197624030,0.0,0,197624030
pool1ytfsdx0zjdum8qwrk6urv6u6gxvlnd3r93j8p8ckj57wz3aaudu,0.0,5805804939,0.0,0,1001592742
pool1fu6cvwqamrfxkzc0pjsmd7mqazfqh558sckequqj3ckvgyyg5ta,0.0,300093772,0.0,0,300093772
pool1mh5qagd86gndurjs44k9dwurktdr7rra9prm5wwf09c77cwwaqw,0.0,16135344601,0.0,0,10175696117
pool1xlgmew766a2ndakrn4sn63t00sf5z99w4ncd7k75r5thxqyln92,0.0,7395261117,0.0,0,103613734
pool1eeflu4eaztffgd33enpsfh4nkta6t5qk662nddqqhjyrgdgmkc5,0.0,636710338,0.0,0,127621302
pool1tlgwdlde3v5aq3vlm7pk8l37tydmjjhucsf0g84xwjtwvwfsmhm,0.0,496582390,0.0,0,102425793
pool16qhf24jz4pdru0gqrh9rwnvv9v05a6fq73g4md6mawavz2fg5v7,0.0,4292361625,0.0,0,164248716
pool1m3tqw6s5dphrlkxyr97faxk4cm3gwejv54mtyfd6w34dsx429eu,0.0,967305385,0.0,0,597625746
pool1zd728035u3406eff69h9a8gj8tg927qe62xwvg4leghwvs5hhmv,0.0,252278992,0.0,0,202625746
pool1tkqjk8s3yqqyuspn4c44rjz7vgsu6kfxm4uvt89cejwryetpt6m,0.0,2345600094,0.0,0,97236752
pool16m6c5rcpm63k2606lkqadg3x5pykjwr4pthhj9h4ancquafwhjl,0.0,287686372,0.0,0,109852906
pool1p7rhyhffkw7xewl8c2c0dlaa406q7qfztg2hxa3aw4u2uaqlqla,0.0,1224055210,0.0,0,197625746
pool16j549cl7ftj9ejw9sx5v50zjyuh8l49stmakrfrea4rxy0e7us5,0.0,1907853987,0.0,0,1907853987
pool1cxduaaaqpk8g3xr5yksg8urfemexxyjf42evekrmmg9a2f7gmn7,0.0,517703111,0.0,0,158222233
pool16vxqq0ttyvfkt84f6ksncskgdk0r9w8ulaum0af8cmmfgsf5hua,0.0,1143464468,0.0,0,101619014
pool16q8rhnyj65mtfz8rvf38ernr0jlcr5gcdpjzv0wgtqvcc5yw7g7,0.0,501132556,0.0,0,482150026
pool1kyn4xguhrd600j4y9kvksptzjk8k4hz5rdcrxx3qw3jksuwjnwz,0.0,2342381143,0.0,0,147639812
pool12x6z2am9fxpw7s8wfjpsdd4jm2v5wdj62fshv00ztpxr6jy3ztp,0.0,593799895,0.0,0,496175032
pool1ztz3370gwds2v7hjzgtns33f7kw0qp0zjx34esg3dvlcycnnte5,0.0,106623722,0.0,0,106623722
pool1zx293a3jpjh9sln53uhlc34ccnppl6sze22rrcmt04enzapl935,0.0,300822669,0.0,0,300822669
pool1rsm2ara9zm9tq0gupcq4c7e3v7c8lwxlgjgh2zalgjf3669rlwq,0.0,100838685,0.0,0,100838685
pool1npx8wwtj8knlavx6h7spcj7sk6n6dd5qa0npk9fcdefd542y9vx,0.0,150610962,0.0,0,150610962
pool1ajjz83zx620n7fyr0gvfaz0k0udc6x09rdnkqrgaxu9qwcz97qe,0.0,205618530,0.0,0,205618530
pool1rven0s3l30qawndj2m8v0fwgc8rsthumda72l4wkgwdhx7qgdjw,0.0,103070019,0.0,0,103070019
pool1ka8q6my2a5fennpr2nmrj5yzma27d2fkev8lmpfq90kxzjszwgm,0.0,366625702,0.0,0,365625702
pool1g0fvxf4ewt0j3hplp09dv4ak2uv5ay3ftw8upk80d8kx2ca5syn,0.0,148091537,0.0,0,148091303
pool14pwff25hl70dusazjckjqvzft35ew67t33x49hwjm5j7y675ere,0.0,117618178,0.0,0,117618178
pool18dqp26atwr6rd7z6suxjmguqy8zym5a3tgtveuazqsjwyeafrz6,0.0,266665872,0.0,0,266665872
pool1zx0lmhdymz23e702clzyywdw522nh66eqaseaye8sue3cyfzkar,0.0,114280001,0.0,0,105361680
pool1n6w5q9hw3gj6574uts75mkyrqcm702n240fxlk5df4sf7a7vlvk,0.0,138742943,0.0,0,138742943
pool1z5h4jhmhqrd2ndrhn3w7kr8nvcqwunds53hrs6vpzr882x4n3la,0.0,102228700,0.0,0,102228700
pool17qyahrvutlsyq7c6ceynac8ay4qkmxkd2sh43w4va5yr255x437,0.0,103607970,0.0,0,103607970
pool1wamhqzxcn7psr3rrqvg35wwjwmj8qktnvgyncj2vzyaqx9hkmsz,0.0,97624556,0.0,0,97624556
pool1cvmk7ftz7v5u2pd944e0xvalgchtxgsnnhryzqmqfavgxwgxmcy,0.0,2586554977,0.0,0,90440409
pool1g04psph8yjpqrgvtltqxrgh6vtl3uklvl46ng6ttrdhwjuvelna,0.0,92633094,0.0,0,92633094
pool1r80l6hsdftyfvqftjak0r6llnszdtnh2x7rvtllawzj7x3afq2k,0.0,3652500914,0.0,0,104437937
pool19u3glj3t9c0nsyzgrd6zdhnj0ed5dk67wmv3fs6nc0702xzh94y,0.0,300791123,0.0,0,57415409
pool173trwz74lv2ncl0dn5fqvgnhqtmqu3yvnf6dpx7k6psuwhzn2fc,0.0,130893167,0.0,0,104725902
pool1ps3quyamsmn5cvp403tgjzgpfwha5u4dr2zc3wtts5kgqc078se,0.0,95424561,0.0,0,95424561
pool1cejaj3e490r9ejf854k3pw0kagglczuaqp69g6g5jzyfxjxgn4h,0.0,99442997,0.0,0,99442997
pool18nx24xhkcewezxvrjgdpt9pgt69pefr85m8qa8fdjd4m6p7egw9,0.0,93505493,0.0,0,93505493
pool15jzfzmh3s4vnhm2qm3p5e0632kv8nuw2luxarqrzpa8a6cgnthk,0.0,101250210,0.0,0,99805767
pool13p8rkc9nv8umw98qdvjqv0tmwgjmzlmyedrd3m50pjpp58ek53a,0.0,116330953,0.0,0,116330953
pool1gvydgpt2nt6zchvt6fyc5h3w5g24nrrw54tskm0mkc6hqh4ye5n,0.0,5552148239,0.0,0,496831786
pool1futpazj04ukh0754m6wexrr9gdezmrl6e0pksyhpc9gjql44l0y,0.0,4685764359,0.0,0,347416817
pool1njgax5g706nhknujnntnrx0gyu8zqvrhexwmmp7qrfhjvaumfq4,0.0,32618266,0.0,0,32618266
pool1sa0uepv2uzwd0g8sh5lkjzgwkcxrg3z4m5wyzgfh93pnwupsm8g,0.0,1293493236,0.0,0,1292868508
pool13am73gpq93hrngwpnlz34cwcytuykpytxtkz9srmrq3x6x8qlsu,0.0,465409359,0.0,0,117700906
pool1ydgmfmxpuateqwz028lpgypsdchs5m0tzes732qdragdg4jp0uf,0.0,39983004,0.0,0,26631686
pool1ehfmxk64lnl90rmy66zt7nfjlsvzhqkxlzsml348z4ptss529mw,0.0,31236944012,0.0,0,380414582
pool1n7zhzk2zyvqywfj476s4xk9h0xzncsq37469d8cyg37lsngvvqp,0.0,43348632,0.0,0,37292086
pool12jzydsj2yjjn59zefvgz2q47rvfk950xckm5x4ejcdvucueg5c8,0.0,497609721,0.0,0,26232589
pool1lunsvxzwgxjqf622gq72n6jhclq5juy0mqh9v4ktufdrzulfncr,0.0,4168681343,0.0,0,2624426
pool1ret0s9eqs27nvw0k7y6vvv7nzfhpx3a86qyjnl4np79sk29q8f8,0.0,37334769660,0.0,0,1573467
pool1ztpwatlnzskuruwe7hxwvu6xjsv6l24835pyvpx7lslccy3xx9a,0.0,5208034096,0.0,0,11286634
pool194x3sx05hac6fhy37a7umfj55uaac4qf2ysp5fl2gyq2x7n4n98,0.0,2747283604,0.0,0,27621830
pool17edtg9kt83mpguyh87u6ju2fkgjta4jjmmyzj9n8tsf4uwalg7h,0.0,119036341,0.0,0,112542179
pool1sk6jvl4u8m4peddwqxzslgt82n57qy0rug2j0jfzkrjvy9f5mw6,0.0,356830510,0.0,0,356830510
pool1u4708qd88n0ux2capce6gz6zcjvtwfsfpdu28h6kkh5yskg9eck,0.0,497420337,0.0,0,497420337
pool1v46s6ak79m3mlv65pjh7ypvsp7n6cc62a723dpwmhtn8uy4pld5,0.0,22420601,0.0,0,22420601
pool18lwlvq4j8yxgrsuvyqntmyq7wyeql5t9nhmtg0cx0uqa6n5hplm,0.0,57425793,0.0,0,57425793
pool1kz0gh586tn9fh77fgc7em9tl6d82e3ly5quwsvvfevvszt64g8d,0.0,2568212709,0.0,0,57340775
pool1azwa3mcez0mr7520jznl0kamr3wdun5ygzscwtjulhdy5s58vvu,0.0,12017087,0.0,0,12017087
pool1ap29p59japhsunqkknkrdm4wh4f8krrvhft66zhns43evawjd03,0.0,5396794817,0.0,0,47632478
pool196fz9gd7n0jnn2rwpcqqdyf9j5q3na6qwhhy0k6j9ysx5f3u7r4,0.0,22424605,0.0,0,22424605
pool196tul7axlt0qzqvs7rx4glfdkpsjlsh68tdkl7y87q3uztcvd5k,0.0,5879394,0.0,0,5879394
pool1ju00mkurj9t920staddyd3ln9r98kktx38jrer0zp82eg8x36jf,0.0,114848902,0.0,0,114848902
pool1cshuf0jy40a83glgwakert9czfnqrpyq6zwqly2705mrwkajuhu,0.0,6108812087,0.0,0,12068846
pool102s2nqtea2hf5q0s4amj0evysmfnhrn4apyyhd4azcmsclzm96m,0.0,6481489374,0.0,0,1497271996
pool1qkwseukqpnezhh9gjcuhtse7wp7v8m8asgekl34lh3f5xnnl6z2,0.0,330742127,0.0,0,7614702
pool1kxzfswkhgcmyahh6lfjpy5uxh75qzsnlyprh3450av9jghsda89,0.0,12621038,0.0,0,12621038
pool1ey97shazvk483tzqsvda6hvh8z0kld4g5ssxanrgetddgcf2mns,0.0,3143240504,0.0,0,2825479
pool12zcqkql458zh0pxvpw9qad8mceccdatk2lm0cpxfql557lhve8y,0.0,923691183,0.0,0,13611314
pool1jhca0ycgclhc3ae860llt8fwtgvkw4p44m0khs2df5xawk4kx8t,0.0,5828192999,0.0,0,5153150
pool1ew5543rzgp7vs5qvmc0c42zucz9v6d3vct2zsa74erjfjen2p2d,0.0,241050440,0.0,0,4618002
pool19f6742plmyxw4w4tzhew003q67cf2w7c66v28mtk6f7fxf80ak7,0.0,516461389,0.0,0,516461389
pool1ap5sw2p7erpvegveucua66gy50cadjvq72apar0hvzrdv8s27nl,0.0,3868791833,0.0,0,3036359
pool1pj5wv8tvu5f5dpmx6w5wthqy4sg3vs4qjvumg439v0plxgnu8a6,0.0,2293233363,0.0,0,196814345
pool1yw8qh0jnnl6eumgzt77fulfhgmyzda39zcndgvyc27ffu6jeh5w,0.0,4613646,0.0,0,4613646
pool1856hr68ypjteu686stdagfpv2sxjzguwzjxu946v8wdqzn0f67s,0.0,6493863424,0.0,0,0
pool1jh4caf4afnjdgne8m95addh93e7zf6zlnx0pk5flcvylsps7nsp,0.0,999825743,0.0,0,999825743
pool15pggy59smh8465ldedcc5ks0nlr6xxlna73wmpkfp5jn7sh23pv,0.0,340922310,0.0,0,12620906
pool1xvxftqa2vdtq5lhgckdk5l9grpm4mhw5drj0h3gnjlqzkd2kqty,0.0,17626846,0.0,0,17626846
pool1mn0ydnu5tt4w80y3dxdsajddhdz03p6mudk8vlh55r5exqywxhh,0.0,1865490,0.0,0,1865490
pool10ww24pk8znf747x6d0wcueajegrjwzpv8x9a4aar4t05s7uzf76,0.0,2452995576,0.0,0,2452995576
pool179dpweul0jsfv9ls67ner4n286fh6hqtskaw6nux97t52dt5gxa,0.0,1047641190,0.0,0,1047641190
pool1n96ql32ct37n8w0l9ddhnc2t8tv0uyd6kuhzua8uxy63xs35wgl,0.0,80466289,0.0,0,1426510
pool1lf2u2m27y9lsu342xvmyxjfvuyzua487whmddt883kmay4mxjeg,0.0,596574824,0.0,0,97052335
pool129hymvzfw4ns3keud8zd9pdrpxa54jghsqh2j4jjxh4dcljet2f,0.0,230158897,0.0,0,97052335
pool1675wjgy0ggtt2l23eeaj5ey5l02qj2ra48stvc7fyussslr0kq7,0.0,35245376,0.0,0,17433977
pool1pvxsyzqze90jyyqqewg5spkh6tst0cwyvtvh6qfsn6xx75p2vk9,0.0,2639298,0.0,0,2639298
pool13xlhhdl2phz8sup0hwcuhp6c4kscrtxs6d05n99hnmuakfkd6ws,0.0,39624703,0.0,0,17623942
pool1ygrwdlhn46gehyay2duxp8ynh57drxg0lgf9huymxlpvukdv0k6,0.0,1162241914,0.0,0,2625614
pool1czlxfj2dyc2lt2gcrhhxyqhgzcpza845yjr6k262e2vqsysrylu,0.0,29445355,0.0,0,4749457
pool163aacna7n8tgphz40prapjgkrkpvsfttaqt56yeg2psd2umnxqu,0.0,50425749,0.0,0,50425749
pool1vzquqa6clffwsegafvyds0zkaqpjcw0hurq3a0xc8ape6h0xhkh,0.0,2010436661,0.0,0,2010436661
pool1t4q9v8vxf8ltx407cqkwq3sksgmq85e459jqsf34x0cxyfaqljw,0.0,596889206,0.0,0,596889206
pool1zmj5rkpvhdknscjrgul4cxw4xhaqfhfcjqv9kffmhd0zvdx6rvd,0.0,5223772,0.0,0,5223772
pool14gzj8a99u43j2gu3z0wcyedvdca27m2lx7msqxywl3lrcyrvmys,0.0,313285815,0.0,0,313285815
pool1lfwwrwm3hrrv0s0ttf8t23p65xru35f7lvty8q0dhq90wudsp66,0.0,97052335,0.0,0,97052335
pool1rhew9hdp6wpudh22k7gyjtv98r872hca064n8ug8lk3j65ae59a,0.0,9975834,0.0,0,9975834
pool1kttdj98xlssts4kzwyvsuj905f30q096ptzcses2ze25ca9uerx,0.0,86883798,0.0,0,86883798
pool16kja6em4zlu8cmlr5la32yrsx5jqpejdqktadw9nv3cwx2s6ccf,0.0,10984954,0.0,0,0
pool1enc9l2nealzp9sr7n77032rc593879faj6hqeny6f6h052eaaxh,0.0,0,0.0,0,0
pool1rcg65q6m4y2w49n0nvj570xfa3hsyarm5tjnnumy4xm3sw0d6lu,0.0,203182474,0.0,0,203182474
pool1p86vmfhr4xnerm4kjltlhxrpzaeqjg30h7p8f6h279ulcty9n7e,0.0,458257808,0.0,0,458257808
pool1ctfxzwgqakxujmn95dfvprcm0h3dtzjh408apk0cewl0c4r6gg3,0.0,4233056,0.0,0,4233056
pool1qle9z3ml65h3uc63cnedv7cppvel9y6jf82va7z7rqcp5a95sfe,0.0,11095972,0.0,0,11095972
pool14wn0gvhwme9lxx9l7j85k0dr2twyrgf9j0k3gx0f5d5ckzeln2l,0.0,0,0.0,0,0
pool19c39hucr2p6ra4v6c5qwqt4zgc6ugchu7cs4yal7ndetsnrmzju,0.0,0,0.0,0,0
pool1620fkxluaftsvz5lge29tjur3flwa8wydpzqy0zd4cllxx2w3ma,0.0,18621214,0.0,0,18621214
pool17xtz3a8ppy9prj4e2e5t5ggk6p68ls305x5pyyxdxc2lut0ltm2,0.0,388321443,0.0,0,7426233
pool157sjc5een0ptynrn6ettx6zr2gl8wm8ymjtwuyravqmmcs45d20,0.0,12440621,0.0,0,6078731
pool1eggah53ghqwlsm2u4upwnm3s9et8m5yd4p56shaqtm7vql6zm4h,0.0,69720767,0.0,0,5835127
pool139l6650n4u0gg9fmnd3aczp62q5xwngp299pwwhe2mj7sm5vqs6,0.0,1231208,0.0,0,1231208
pool1w3s6gk83y2g3670emy3yfjw9myz3u4whph7peah653rmsfegyj3,0.0,145825699,0.0,0,0
pool1apts5675m9f6tkp4ed2jeu35azt7a0hxd3dypzjvwr2hxu6lg9a,0.0,1200000,0.0,0,1200000
pool16r36znhvh3h2lk55vu89hsx3ug94sx2etqv9s2006d8awufhaz7,0.0,52037404,0.0,0,52037404
pool1qh4jvncd9chmm5ru3sk3cqxuat83vj8v7rgl4x5lqfepcywvc9g,0.0,19424099,0.0,0,12300000
pool1h4n266z2xz0v754qf8uu09cda7q68gpymt5dlf4zxcvlg3hq3r7,0.0,25098487,0.0,0,25098487
pool1nmnauud7ghvm3l9tyw9fwhgus6vcymqyksynlwjxxjeyx4rrsvx,0.0,191653246,0.0,0,9201992
pool1njs6ejpvdkt3cee7u8ekqyunmufm82jjrehtg42xd28m7zhzn5v,0.0,126660459,0.0,0,126660459
pool1jcpwtg5ce6xr42v37nk3xahmduwrs87mvd6pkm92v7tj2ux8v5j,0.0,1957114,0.0,0,0
pool1dmuaa0wmqrwwx467p48fu83y5w7wdkxf8xlgymmfc73kjy3vxg7,0.0,2486679,0.0,0,1060471
pool1hg9yyezrm6dslw9q767n5tlu0qk2ccvd4k9946vv7ymgvsvnttf,0.0,97623898,0.0,0,97623898
pool1stjukmjtgs7rdvy8ucsc543f9y2ct56ss08zed392php7k0teaq,0.0,2443789,0.0,0,2443789
pool1h26acqctjzuzk04uxc35mt5eavnlr5wyaqavmdqhd3s2zr8v7nm,0.0,420082031,0.0,0,402257168
pool1scnq7w9rxgt2c4lax0y0ch0el2t9pjcyffhhzs2dfgt75u2zcq4,0.0,17619014,0.0,0,17619014
pool1j7cypyjzhcfuy0gsuc2vtd48cpsc0utmqkq09fjlp5dgsjrs7pg,0.0,207448021,0.0,0,7423505
pool1a7tdlv4re0fj309jgdx8fxrjy5sz9rw94cj2dfrkw2u7qmwnhm3,0.0,0,0.0,0,0
pool1xt0gxs63r5vgjsrzhm7jfuhuqzga9pf8kqvp38qmdzn3wjxudvr,0.0,2228964,0.0,0,2228964
pool1myw0304x7q2zuk24pzmf2rwwcwlh9p29pnj257zzjcd9j29s4xl,0.0,340417081,0.0,0,340417081
pool1h2q3cyle9yrjv4g6qvwqyrm5vk9qj38gtqndvavpqf6lkgpqvj3,0.0,476652900,0.0,0,476652900
pool1lq7t0qg273vp8t2wzmeyj7sdq2vhu2v87jjplgurpfxcs9afnr3,0.255,216916173359,0.98,0,50127022923
pool1u32s3ry3vjhqwhcrqz7p5u35cvzrx4tvdwydgvq6qm8720qrg0s,0.399,171636294589,0.964,0,50124083400
pool130hx49xrg3cjtdqnqegmn03z8fgu6juenyctws0feh6ekdy0fam,0.0,47754435975,0.0,0,2004921768
pool1ga0h4pv0psju8z3j7l852elq92c7xshuspt27jklnx665r4l2q8,0.0,14776577,0.0,0,14776577
pool142cpn2gm89q72srv9pt7jtt7p7yg43a8ltfqhz3jp3t3xuh7x48,0.0,10332251008,0.0,0,497620950
pool1kl7qlqtzxamrj8qwutn6ww0ksw3m7chwuewztqr6uu6yz0nuqtn,0.0,1835142148,0.0,0,1100480403
pool18ytpk5m7fun45j9julxq0x06dcwzmfdads3ha5rmp3qqqd5lreq,0.0,1000000000,0.0,0,1000000000
pool1m0zqmgewqwt4pd3amxtjug7ukjq4svgsqeam0h7d2tt6jfcxzk9,0.0,2502624646,0.0,0,2502624646
pool13q8kl9s0kufpl0vjmnrk2f2nz9nle3k9l3pnzh4negaf7kmd80p,0.0,1034088522,0.0,0,1016464205
pool1mv7z7jzats0g3s36rd6sk08ew6wg4pf7ulu9uvd6grpdc0mh7e0,0.0,1087822733,0.0,0,1087822733
pool1a26gnntcj3j5v7ng599qncn7uuav2sp560xwlkvp3pqlj822jtl,0.0,1222471073,0.0,0,1024244396
pool1yzu4lp7f8ua7negffj8mmwfylx4ckhsu00a4gtf630rlcwnl7gd,0.0,79410563182,0.961,0,50136280460
pool1j3azwphh66wk6efre3ezjjw8mqljqmnxe5qr9tyfmjdq6eqe5fc,0.0,177935758,0.0,0,177935758
pool1rj8zkzk3dm0lmnjtafczqfp8sshmang8gg85eypjeh2e6cve0vl,0.0,18367577146,0.928,0,3770010161
pool1vyk3x4j2lfrj4y8t282xmwep936rh8gv2vqrkxghm2h67l2upjq,0.0,4090335033,0.0,0,4043819158
pool190fke89hjqyyvsc0snhnzrgg3wjjchf0y7n79jlal0yuj8060xt,0.0,512621610,0.0,0,512621610
pool18a8vhtlcz7t0mahmfdlgtpsspvae62egz936j3dt7f9ykr4j2av,0.0,500241102,0.0,0,500241102
pool1ujpy2536jz3x9gje5d5vuadzcpadl7pwrcsgq4laestu7mrs9hp,0.0,444287597,0.0,0,444287597
pool1s6s6eyve0lmc4e0emzf2l68n9ya0rhrpdcq0jmkmmmxv2rkrx42,0.0,68293189889,0.98,0,50097421305
pool18243r3ncukrk54jrx3mnr2k6lvu30dy7y6uj252cyldhqze7qe3,0.0,391087660,0.0,0,391087660
pool1mzn7a7h4ghv35d7hm7lepzcc8vkwq38qajnnuqalc60mkl0recn,0.0,314271584,0.0,0,304534015
pool1ffuv59d0rdp0jsgxa9x5r8pvmaexvuufeu43kpxl3u2qut3ljq4,0.0,51552367138,0.986,0,50097421305
pool1f4pxpxcee0mhwd2knwqkwquaj35enlstssc6crsmt2tvv0pwymt,0.0,147624426,0.0,0,147624426
pool1gd3nuzly536f20e4kpm4ctkgv0ywes37qms6g7cy2f0xxf56nh7,0.0,111625658,0.0,0,111625658
pool1t9ve93m48au8m4w8x0m2exh55s0tf2jjk5rwj5hsuqegvvgfq4z,0.0,100000000,0.0,0,100000000
pool1y8g5sk4maqzpg6k04t0e8x296xtumuph7k4ya8rsfqh9xhc5a7h,0.0,4506603467,0.0,0,101421657
pool14y3wr9lkqyeg8z8pwuprmjwahr0ydu0pjs8usy2g93mugtpx622,0.0,162110596,0.0,0,162110596
pool1wn7g7fs8nhqnkkzcafzucl6x6spa6rj980kkkg0rcnyajg62lur,0.0,497625262,0.0,0,497625262
pool1rq70y0sj8fnjgnuavsjtvk2qm6hjw2r9zfacd46z6z8c7tlgcmx,0.0,127046347,0.0,0,127046347
pool1thfkd47x8s84f2vfpxr6v0sfvhrtlwxdv0r7mtjaqvglgpuh9p0,0.0,154247620,0.0,0,146421921
pool193spq4aagtqthqxnwzat2n53ugjkyx8d42wqu6wm8lckj056y0t,0.0,489240394,0.0,0,66420469
pool17wdqcn6xjym38wlry6t2ull00fg7ghqejd0xuy4p20djyua800c,0.0,98624030,0.0,0,98624030
pool1tcctsz9jec45ugkcl8lyk8gz0yss675cnp63gazqalcwsx2dr37,0.0,115234552,0.0,0,107423153
pool10pxym4rs92lj853juzku38z58d9n59ra55qd2mnm820ljx4c6h9,0.0,139818659,0.0,0,139818659
pool1p98qztq2t77u89vvsratsmsx8hu965w4n7xneg5qu7gtgcdude0,0.0,11633160,0.0,0,10000000
pool15kh3h3d77hdcv4ld82cm7mxh7uuqm6d568drqaky9ftlczl6hfh,0.0,9994096886,0.0,0,497621874
pool1tfye5tfgd6x2mw5xwe5lr2y6cu9grnpvenj7dc8258xmq8cuc04,0.0,9436265,0.0,0,9436265
pool1pvg7uqf9a0ms24xcdfq8f48p72csfslgz3gzwlmfee5szuda0du,0.0,1450326294,0.0,0,23433361
pool1z44fjvz77atzgwcwmwtls7skggnczlx8e30pugqn6ugajjrzgc3,0.0,27624822,0.0,0,27624822
pool1j9nlvppmd5e2ms7w6xx7r6rgc37q2r930gkj2ssdu5a7jr53tev,0.0,6821299,0.0,0,4000000
pool15zrj43nldc357nas0g7glm09wqhtyexxs64skq52mtg6sdrsjzd,0.0,6738263,0.0,0,6738263
pool1wxzumlr95mjxhgxnd6cmxcey38pwe5zwu0ly2mlme07qy8n00r9,0.0,47622886,0.0,0,1000000
pool1j6uz7hz3mzd5hncsnvdw04q7785kpxx4vfze686zekdly7jz7gl,0.0,7440445,0.0,0,1000000
pool1yh7ksvg54nger73ldnf22cgwyh0dnm4aerahdd0kdukjqeacy32,0.0,0,0.0,0,0
pool18f4d5kj6n3ex7vl9udw3qczf3aye0qcuusgg0tkdja5sqm3604s,0.0,0,0.0,0,0
pool1wvaj307ee8jfewv9qjtgk0q3elmpe5lz4n2dec2303062f7dc4c,0.0,0,0.0,0,0
pool147tju4482jtl253lgqq88fkefdugcuhaumf8m0rcj8uzxu846qm,0.0,0,0.0,0,7626450
pool19tkfl9x2dkk07z43rvamftvnyu5vtcfatdpsag8phzqvgpdklqq,0.0,2840690150,0.0,0,1258071113
pool1a9j9dtdppvfq94w84ns59fnrptz3cj2mkwpmku57e2yf5k6a4ae,0.0,3622402,0.0,0,3622402
pool1xdwe294ntvnken52vsaar7edxpxeths4dvsm84pm4chyq70r0ny,0.0,50332165666,0.985,0,50128264908
pool13q546lq5lmw9pp9cfwwmx53uh4ysajy28upydg5n8tcx5ayz682,0.0,102644358,0.577,0,3000000
pool127cp6le6v4hs453tkwnjd6ua9fcmmh7y5zc44zx752yzklgcrcq,0.0,1442483670,0.0,0,1442483670
pool1dsvkdd2t3wnn3mrm27q0572zl2z36lkw3cl2cf4z0c24vad28v2,0.0,373760410,0.835,0,373760410
pool1usumnw5klscs76ycpmkgf5re5v8pul462g5mmzc0knxs5u04kag,0.0,115314991,0.0,0,104490348
pool1yztpevpmfyyz2eu4dklmgfx8g0q0vme7ppdsnawcpnwxs3vfxy7,0.0,44454085,0.0,0,44454085
pool1xcesfga2h2fh7s4es4v2nsu4npc3ayg5x93m4mvt7whn2pfswma,0.0,7621654,0.0,0,7621654
pool19mc6suzenqdvmq3ssf3nfzv4xva3wgl83z6syumccdppyar0vga,0.0,31924580948,0.0,0,17451049
pool1wp9p6rlpratng7rhrvyz6mcjqsl04laxxvvuu06umc5vghacqa4,0.0,9796498103,0.0,0,17639298
pool19sydze39a8dccylczqe2m4nnslpreytxlj5fu400nqxkg8wvgx8,0.0,756468815,0.0,0,17639298
pool1043kkcc2uwmdf76wg6jy80tkgwztzprep2rakyypmwc4637c2xe,0.0,3754770148,0.0,0,17639298
pool1dmugaarr3nq0679fa02kqunlfmcyxdxfy3quc9x9s69zquty478,0.0,558999036,0.0,0,17639298
pool1aq6sd3kr3cnjk995tfthhyf0suth3rm547kp6pv35z7wgqu6twn,0.0,744273516,0.0,0,11982733
pool1ur2y44cgsyf9l40y4xdc7w3cwy88vgmj95deatatzqnqqhrfp7f,0.0,17639298,0.0,0,17639298
pool1mmrh2l3t5r7w5l7e82ven0e595vhgvu0hyf4ttrgcyejq8gwqcm,0.0,122625351,0.951,0,1530598
pool1qlpen2kkw8yc0pjyjjcg4zlswhrahf73f99y3ae85kjy6leqk7l,0.0,15841574408,0.767,0,140984110
pool126kcx3ve6xedpdk8gm9gtgs5x2h77tuwe5hjjcrp2nshu2xv8l3,0.0,4123397107,0.0,0,2647043882
pool1fxrxatul2edy2cvys2j25cafstvysf80juadr3a7542pggcjvv6,0.0,1003924403,0.0,0,3000000
pool1zlp7tdvtc2t989hnzxsenh4k74tt4gwpg000smf908jj64w4vg4,0.0,103000000,0.0,0,3000000
pool13ds97sp5wtfpu7x720pj843ax2chfrcj25d88a39l8czjmg4gkf,0.0,103000000,0.0,0,3000000
pool1qxpzlkxfem0q230hjp9f622c6yaej8qycwy34nwyt98axedf78f,0.0,103000000,0.0,0,3000000
pool1gjmerqh4wxl553enqeqgc6m3r3gt6yspdg29jy6nuypa6k2tpdt,0.0,2541262196,0.979,0,0
pool1samrdfdupytre8zuqf5y3sda0kxhp894yvjpnhwwczukwd4mx6y,0.0,2015225258,0.0,0,520082000
pool18v6rlcg506atlkkhy8sdgtnm5efzjjjshk9axyvp8fa35txspr8,0.0,101227512,0.0,0,101227512
pool1qkvt06tjvd5mjf3yms9y6hp22uedn5ys6384pn8k3d4tz3d7j2z,0.0,497432393,0.0,0,497432393
pool1rpdfq9gm9ls0q8tnc2ssnpg5av3hm5ehktul7cfznjvjxyku2k6,0.0,9185442311,0.0,0,240619014
pool1raua8hvrv65aq3gjuk0re4juzdpw4gnpkeq7lyl94j8cv2grye4,0.0,4072777968,0.0,0,1434673
pool12xyhj4ktuhy0gage20p3e6z6r3s0tun7lmsk89lxv4y5wh93t0g,0.0,4335527644,0.0,0,1434673
pool1c39qg80pu8596huf5kh6cmfuxp8yzxz4kfqc4csfz7xdcwfwcnc,0.0,2355641340,0.0,0,1434673
pool1kxedw6c34730h344lz0s0z6848005qrs096l8l2whcwly3rcl27,0.0,2609445,0.0,0,2609445
pool1ylhh4u260wz52zpct0ce8txh8alm0zmjaf4fn69yz09xs68y70v,0.0,1434673,0.0,0,1434673
pool1xamkqfkkfm4eldv88jhdcm5uzs8kd3p776e789hqv8yfzjgqh9s,0.0,1434673,0.0,0,1434673
pool12nhydvz643puda5jjc7hxyphk9685n8tlsgeenfvtttckd803e5,0.0,1434673,0.0,0,1434673
pool1m7eljcrzd593cawzwpts00mmnxnj52kr9da8r264r7c4kfd4m0h,0.0,3866076017,0.961,0,0
pool1lj9t0saaxejj6drmxefgejwuy47lx4ewwruwvn3uttyuw6f5389,0.0,2252575182,0.0,0,501251536
pool1sqpksswmxpgk6yxllyq9ad4qhtnt5qyz2pv5xmz6kkt5ujrgqwf,0.565,158532467632,1.059,0,3178435331
pool1w43rswva2e4hulr6ayxv4aaaf0fzvxjj5c8kv55xmm2auey5xvz,0.0,0,0.932,0,0
pool1fwh9zp2hw7ppkna86n7m7ycgz66dnkdhhyqqahhv362agxj2u7g,0.0,42200746554,0.683,0,925623217
pool1a9cerx2tpjjp0acla2zs8zwggjlp0phqqauxzkkm5vk963608aw,1.064,714818833458,1.06,1,107116704766
pool1pkpey8fua58sqvkwr9w4zyxhnvrqhnucnu8g2cupeggsyxee6ke,0.0,1605939847,0.0,0,1237309818
pool1lg4y9djpazcpaag230mawgx4w43vmld7xcd7rq35lpjvkn333nj,0.0,111625680,0.856,0,111625680
pool1zf7aswkv5ll0ej9fcg45jf6cqt2ee7tn3l2wq6zyx05t7a5srus,0.0,500000000,0.0,0,500000000
pool1j3t6mhgndeuzqkpcj6csyxfhsr2fkgwknk6e4tjeeqhnc52fjc9,0.0,1239061422,0.0,0,197625306
pool1eq96x3rdmq0dxdyx0wwwy064p2jzrlg6dp37r5uwhehnja29fxq,0.0,1152772972,0.0,0,102624998
pool1pmsjsvnd506xqzwlcavexcl86ta046eqz74xzvt97688urmd0qj,0.0,200000000,0.0,0,200000000
pool1chxnn5gurqm83728aafjm7thv8yla9tz85yejtstqsc658mrpm7,0.0,358841710,0.0,0,108621346
pool1n7zh6hu89v9lz6d8ggjr9xll8q8jqr5aa4qxkfnlfh2uj39802c,0.0,400944493,0.0,0,400944493
pool1dlzpcfmnn727lfsav0x8jmdwjz70sy429xfxjwnzk7r9wm6stws,0.0,2745858844,0.0,0,23861746
pool1sxrkzy0ty37s2qx66cscqwucdqlvemtjl96ep36mqfrnku9lq8t,0.0,1043463985,0.0,0,1043463985
pool15xt9rwxzgunwhhue548q3q22mclumqz5al9umanl8tn269sr66m,0.0,6821299,0.0,0,4000000
pool1drkls8s0zzjydyv3qpjsdj58w3sw02w9wg0pckrsnuazyef2hca,1.087,4237238580939,0.969,4,31623903486
pool10q39xyv0zwt7cyc0f2ec67ptfmq3y6k8f0t0fvrdddaqzs3hpxc,0.0,23009803369,0.747,0,6126331563
pool1cc0zqv42utrsffvgy4e5tfln3unrjk4f6q952rt56y3dzmerptw,0.0,8372481711,0.0,0,5146465184
pool18gxqszcsk9yt0jsnzc293556x5t0cd0xdepr69wta9rh23349j5,0.0,5018662003,0.0,0,5018662003
pool10scv5quxduhrcc26wpurhk743dngspe8dc3zpkkam0svyx6ejx3,1.683,9021995518683,0.917,5,18786972472
pool1lv7v8r8ge22agkuv2astu503d42v749p6rp3sg8l6twuwqm525c,0.0,5341736360,0.289,0,4578371497
pool1h5spwddnynn6dt2z3qz9tvkju7sn6s8ptqetyfpltsppwalukyg,0.0,23407797211,0.0,0,1096672568
pool13ss25l908k5vqfw0aq2t66xr3hrvlqlsf4tfsmp59kyfxhfmah3,0.0,10573027034,0.0,0,10573027034
pool1ycksh8m4ees8jf6f9muvpqxmprj7j2wk72h2qxcn7ykswv408w6,0.0,2002623942,0.0,0,2002623942
pool1py6q7y3f7jz60mt5jhsrdx6lqtuvc02chqgvwzjzayctqhgzzge,2.049,5797108410781,0.923,1,4045983505
pool17we8ycehylszd2n3haxut8gll239m9m9q5a8ytsc9pg9g3uuga6,0.0,545778456,0.0,0,517619542
pool19n4qe42fvkxs8f95t6tas8cgvc0ukem87en9g0aave4aj4y57e3,0.0,154288124884,0.0,1,100000000
pool1rqwhzyfvm8uh6qseqpkkz2uvga0ufr0aaavrw7nynytuxy9uj6c,0.0,598614966,0.0,0,598614966
pool1uup47u5lmet469pmaym077hvewcp30larj9ugap8580uya3rtuw,0.0,820025746,0.0,0,820025746
pool1n8xmcjuadnkn8kk9axtjt3ahx5amj4nc8446grdjzfdrzl77xh6,0.0,148435878,0.0,0,148435878
pool18y056s0echkc44dwnnd0hwanmrlnecxvkluwn339ukhnwnaz5v6,0.0,100000000,0.0,0,100000000
pool1vut3caulpx8eukzwy8xd5fyhst0w7x2frdfsacpzr3jzxduazh5,0.0,18792339316,0.0,0,104786114
pool123gn9my6u32zea8l3uk889rjj2qf2tfagcz67q4v4r9ccjjtge7,0.0,7869370081,0.0,0,497625746
pool1pnuluy36ukdzv369d4zee8rarpw2k8ukwe5kkdmh06t6y78cyrr,0.0,11559195296,0.0,0,163622402
pool1f5s5lqe7e3x7wxscsawaj0ddjz42y4ckcfqcxrd3nxg7wwvsysn,0.0,5922701064,0.0,0,1600623986
pool1mnghpud4rypv76fgq5urhzaujlevp94tjxug6556e9qyua43ktl,0.0,234628065,0.0,0,107618574
pool1a9fmzl8m8ql8kk5s8cgxf0ny4c06v2540977gps5mjunwvk5zc0,0.0,132502367,0.0,0,115548393
pool1km88m74x0l6gax9whuw9v86ftejwztxyg4arfh5cartjv8eqsze,0.0,2141719129,0.0,0,2141719129
pool14p6lu0454w4wq6gsxxftqdz43x3tuv3teunp8kgu08tacgf43gd,0.0,594564135,0.0,0,497625174
pool1dwvtdk76v5vg99d8h2a28h5f94hy2zwcxnj576g6w90ezapqjyn,0.0,1979939656,0.0,0,157622050
pool16ypn6g8sm5um7mkxyhdu7j9eq9zl35wywq5n9x8g0aujc060qzp,0.0,1043096167,0.0,0,161021654
pool1ml8hj9zhv5esld4dwuxrkda0ktclw4g5xfggg86nw3majud2uf6,0.0,548606340,0.0,0,548606340
pool1qd6mlgr6u0yp2ddxn7gd5jr6pcflu5md3sff4xyu2ngeu503jkd,0.0,658852361,0.0,0,497625394
pool1w6ez83j2lapmlzudtuuwygm9lwt23203keqj53n7yjdtwaamghr,0.0,437621830,0.0,0,437621830
pool1a40qpxlsqwjk4a9yk636dcawly4dcrd6l26tghjxlr37cmlrwv4,0.0,197125746,0.0,0,197125746
pool1dvp46zdtmzwkt6x74g6dzq7cyygp5armhrzh2t5hm8scwtxvsnt,0.0,197299065,0.0,0,197299065
pool126ugnr0nxjxz72jrlzrqetqx0exn43t5w67u9vuq23xex4ym7dv,0.0,109611710,0.0,0,109611710
pool1k9xjmvud972vng83669mkveaedteaprnfflqv047y66ugtqjyyq,0.0,498625042,0.0,0,498625042
pool1nq0jx33p0sfa2fux33yklkzssck4kfgaqlgnlc0a7a9ggqzhgnt,0.0,110622006,0.0,0,100622006
pool17k568pj9x6qwmvutn97p5wgzvgmjf7m46sz3vzudq62swqdfh4a,0.0,4628104733,0.0,0,120363176
pool1qrmc270m32g080pks0uvyf0hhj7m8gyhgckkpy32l7nnzrll85v,0.0,424685339,0.0,0,424685339
pool1suy76cpk5lkpsmaqpecygl5j9na5du0xe2lrxd733dlwcus9j2n,0.0,8618750,0.0,0,8618750
pool1h4gwh638485yd0xcw0pkrm935nvm4aecqsxjx2yzzz0u6dfj73q,2.118,5861525792730,0.957,3,46862410
pool1ct59zfxfvtv74k3mmukq5faq7kc48wuxrstyxtd02pxluwf6mkh,2.214,964357488112,1.013,3,1001720167862
pool1xjqjwe0t7uw7wfdygvt99e5wjcuz6ex6rcx2p067aqxp6tsgwgm,2.375,19431754151593,0.974,12,80328256868
pool14prutdqlndelj94pdz6h03yjh8c2qrmvgzrh4f46nryn2024u90,0.0,4865315517,0.0,0,1019823411
pool1n62v2xsrnpyyaav2mgauwzn40u8hfzavt520vsaehz252v2tf7u,0.0,6018015021,0.0,0,527625746
pool1zydxfglzuvv6septzwzfgyslcdjsytealqmflft7kc57j9tqcvz,0.0,631048656,0.0,0,554406801
pool1llknxwa7zzugc52mnv3lpxgh7az8wnqylrxxfqhzzm9e2eufug3,0.0,229374109,0.0,0,55924461
pool1d4387s7mszjkeg5w0xppzxdtzsj7aahfqdgeef24emyh70mccmw,0.0,46096646397,0.0,0,46096646397
pool1r9dfv5360alp5dh020k050d4n4yh9h4gms9lf0srm43z5zk4d3s,0.0,115453029,0.0,0,107453029
pool1fftlhn68f3lejs2u39pcd5q33zgwnlumrp20dr6cqqkxwyuft2r,0.0,12594810578,0.927,0,1493565935
pool1pj7r0wlu29sa56t2ujdm2vfl2yx77jaxwyw7wrptatuq65skf66,2.352,14581786453826,0.983,11,25390111253
pool1vp5fev56urx924nyxj5qjvzcsh76e47c4lc8xruh0rdlv0n2kvt,0.0,2000325095302,0.53,0,16567472913
pool1522rtve5zlgnlh3zm5a4mcy3u7gpndg3kkac3xyzxmp6x6weca3,0.0,97620246,0.0,0,97620246
pool1tjkkuqdx2hy5cdy7vyamnyprglylcz5206zevfvtc28mx8nvsw4,0.146,308643949114,0.842,0,20001137840
pool1jd6kjagpa6cx972n2rmmt4lhyecescppk58yg0ujxgsr63xhzd0,1.301,1448868766328,0.945,2,10059000000
pool1tdtzmmmak0tkte2j2hr223dfnqpdy85ypd66tddwywpeuknn2pn,0.251,152813151273,1.43,1,8212139790
pool1vtf34mujsfrr8wesg8nvmnupk7npz7f287whltv2ga4wc2728mf,0.893,7376103028039,1.0,5,17662237479
pool12ktz62g9d32nq0cdk9jyyqg6kquj7lnmx776at5h598supql0t2,1.341,7517072104795,1.026,10,18821108627
pool1x08dl5dy0wsu6y9xp55drk4xeycgjnvutqdqm8wsqn5pwm6yx4k,0.0,1532876790,0.846,0,1013555226
pool1wjt7mjhdaj857hwk3qg2wswn30ghjczm2qetrs7k6sjc20x4hfx,0.0,1045574031,0.0,0,1000000000
pool1madkc465h6e9887ctj2adnky2t46km277wt3rs97hlzukzl4rx9,0.0,500954444,0.0,0,167020519
pool12cmz6vtm43tztqck4xnayhpmeml4ljxutvuexhwgsvrpwllnscv,0.0,10975384011,0.0,0,12621346
pool10kjjh9zfs77vzxpp4qpdxwvnh3x8zdf8qcv7pckvdhw02fu6unz,0.0,22548427266161,0.0,2,0
pool1ztk6dcj2nc3plnujf3ek6jqngtx8hcryufz56lyumemlcy2xxn0,0.033,54003987014887,0.987,55,29608426258
pool14n6nrj7rdrcxhwlzx5kytt60pqwnzjm97nuczrpa0ucwzyx2ule,0.9,225769249074,0.387,0,1138835422
pool1yafxktvszg85t5m20l8q8sufgcae6cxlk8cx96wrt8cdva7aknf,0.0,69141513513826,0.997,46,69141513513826
pool1r99a6puhdv2xzcfw05jjqvks3xhmy2l4wsndx9hmhudvu4yevz5,0.0,69130188251418,0.99,46,69130188251418
pool18sk7mn0r0cyujft352lwkzg5pz7e67ve3ps2sryrwacd2r5zhp6,0.0,69124347117434,0.988,56,69124347117434
pool1vhz87537anw4u0ruqsyuftyh7zxnrxptr4nnv0m6mjgeu8kp83z,0.0,69115842825864,0.976,55,69115839366279
pool1gu522f03e6azk25v5n6mur9zyl8ghe2ul8223zp3vfnp77fagfa,0.0,69096679270305,0.971,43,69096679270305
pool1rm20ecfxj8plt6509yzlc5x853s2twpjkmv8zt0pjtr9vhlmyhq,0.0,67108554581982,1.0,49,67108554581982
pool14rnkjjate6rqa7f9xmezgwne99n8hlahg7ymcyhzkhus758r3h7,0.027,17974511844573,0.946,9,47418730056
pool1t6ek99u2dzj8sr606uqm3uz0tt4ejr4cpvwtqfwen6p2z57rrst,2.495,83184465084132,0.968,63,15799274653
pool155efqn9xpcf73pphkk88cmlkdwx4ulkg606tne970qswczg3asc,0.0,64329042894127,0.97,51,64328594406327
pool1gpzkwf3ntp7ky6yvyky8q6qu4dyup5y6v4pxzn56yut8sqp6k53,0.0,64328594406327,0.975,50,64328594406327
pool1nee5kmpzv0qfz7lu258fe9ylgxh68lsqqdmjgw7jnheej3usn35,0.0,64328596815617,0.97,47,64328596815617
pool19xtc9sy9g7zcrrazrkg4s6ayjkkh9aynvfa6gqnawtdauulqxck,0.0,67531157265529,0.933,48,67531157265529
pool1af03lvsktpekmnnw333629hfuhtytcgyh8hmlweet4lxs6p56fq,0.0,57068247858389,0.979,45,57067859600685
pool1p3chxyfv5cfk95hwq5zqjuljrpyk3uk5ua5alpn8rjgkkvvy8ne,0.024,5932868079719,0.888,11,20081507256
pool1ksz6vfc4xqdxyhp06h4n7kckh60370cy2t6m3wfgdxtug7ph4x0,0.0,52954253790417,0.969,42,52954253790417
pool1aq2kqdp9xf9w47vttvmqnahwd4scz2qyddsr9l4mfru4qddg3kr,0.025,2171612444214,0.885,2,858523180083
pool1r3ax7pd3cgad5kttench60ttr23kvfpx3vzvd6c3azppgw7q93t,0.026,28760951210871,0.85,21,10059000000
pool1mxhq6etmemv3pdyycz2kxth3a8gdqnjewxgne67fqwlfgz6f7xa,0.0,53390998218999,0.987,45,53390998218999
pool1uct8k7ruvu3dgl9hws4pj3tk9stzpls4evnys4r8q5vj2p9w92w,0.029,32459823205589,0.918,24,5000000000
pool10vhns8fup6pe9xvjxf4w6h5y66tckgvtjy9ayld6mcg8vv4crdk,0.0,3459452107609,0.981,6,26767062575
pool1ases3nklh6gyjf74r7dqm89exjfd520z9cefqru959wcccmrdlk,0.0,38628711553288,0.956,33,38491932887235
pool1k0uv5fhsr74we0w7gfkv6m7r9rfpvgz2u7v66ppe0vxsvj0pzvt,0.0,1560678754,0.0,0,107621522
pool1j8zhlvakd29yup5xmxtyhrmeh24udqrgkwdp99d9tx356wpjarn,0.026,1516651210861,0.877,1,15000000000
pool16r6g7plyuh4cqs9f3qy97l4rh5edwx3w9xvd205mhj2e58cpp28,0.0,35804263774114,0.988,41,35341195703530
pool1zrkwh7cmhvx3zvkyr9f0nhnpxscaflhky6edaqzsux5qkj7r5v6,0.032,7793546701298,0.99,3,17651209760
pool1gecx8vya3f8lyre2gn9w53547p0rhkmq0x78zrw956lkcvn8uyp,0.0,35760537397376,0.0,0,25000000000000
pool1newmccddazerzanrdeeelvzk6vzh9stxn5n8ravshqa05n0t83u,0.0,4332766550809,0.97,8,10012111100
pool1ua5exfeju4jc95yy595cykjh4x46998g8hrrvw2v5h9k7987a44,0.0,27158296600094,0.98,21,27158296600094
pool1r9kse9x8ja0ajkyw8w96zw5c2aqeey6j85nmyqxhwt0rs090fu4,0.0,27145724598470,0.96,14,27145724598470
pool13z9mfsve9w39sl5akgz58yewad9daycxn8ja426ytdxey47yatu,0.0,26968906533216,1.007,18,26968906533216
pool1cp4q7w2jvlthul9mlskj6xutx9rdr7n4vruqqe09pfg5ywmzdzq,0.0,26874551346544,0.989,16,26874551346544
pool1hnukelq3ap6pj3wnetj448efj4nalngy756jln9zd2mjsp73etg,0.0,26560066241388,0.984,20,26931324003453
pool1sjnh0ymk9fhhnusm7uksux5yhpfyhjfmseq5nuupsj6ezskc0pj,0.0,26864593322851,0.96,15,26864593322851
pool13t8yafhx3mfnxs8nnkvgqnm9v5gspk7cdjc5dmpzpt0a6h294yn,0.0,26861595931639,0.957,22,26861595931639
pool1859zslu3scj23wxcamw0slkhn80waxwkdl4k8k0asyw7sfa8dv5,0.0,26853838773365,0.957,18,26853838773365
pool1kmmahq4upmm5j8fkh3xa9vd7gdffkp8pd4axucfh4w4dw549yqe,0.0,71222955665828,0.945,45,71222955665828
pool1r9fpxs4kcn80kylsjxs8tg3p50nk2s66qerfqtw4x70n5740nj9,0.0,71231474726176,0.889,59,71231474726176
pool1slwxj0t3575lx0rfw2x3z7dqf26jpls566pdwydvlk0jgw96lre,0.027,18344123421886,0.954,12,205886910521
pool1wdujj7tmux5nuwnpeksgncendr3mj8ecsjcddpzx9gewc3flp4r,0.0,63999898857013,0.916,38,78577396542
pool1dzdxps32uqhva9q9urx4lm7m0nhlczjjccwy9kv4t2d3krsn4m7,0.0,63783309867923,0.94,33,82136292072
pool1k2224hj6uhdgkflj6ncqvmfhqvhlhj0t8crhqux5mphwwumupec,0.0,22874998765518,0.997,16,22874998765518
pool1c0p84nykx0m4yqs9pkvlgagh3nlnrn77d5zed9kv9ktljh2cjcy,0.028,14986791985808,0.921,12,30004112865
pool1q426xdlg94lcpgrnmfs8dkp9hu08my5rvw574mum96jhg8yhd5v,0.0,20248462126600,0.962,19,20166486612158
pool1l6vtae673eltsx86sk4xxr3fnn9tk8e99jkrdvcmjqlc6cca4nk,0.0,19082755393158,0.971,15,9932804632
pool1ek9pyk0xwjelrw7uqktvjwqj8wlcqqftjxqeq3t2vffw7qm8efs,0.0,16934413979927,0.976,20,17934413979927
pool16eua0zalaln7q0s9u7jzlyygqad0pu2l2qdxx8r8ueqrw2jdhqf,0.0,69986528395830,0.929,37,90513242212
pool1sskadl6p2w0ttfr60y2ssfzcmrnaty4wt68v5glzd3e5vwkh7z5,0.0,55977218332882,0.926,44,62041880597
pool165ljt7xrrpceutz5ppe96suuw0jcnrvhg0f5vu60df0r5mt0x0c,0.024,9475311501747,1.006,6,111690934076
pool1jzk8rwf2fs5l02dmm6pm5tnw9stmd8jpmvsy54085vu2u2656re,0.0,70076247710111,0.941,48,81888439689
pool1r8lmsrdure385hz647kl2qjhyyxkdle4au5krjcsqed4x8227k3,0.0,3027676382480,1.026,0,81831158929
pool15gdh4w26ax66aa2j5ehwcvm46as3jx0v7mhu678y7m5q5s80dwk,0.0,90381866943,0.884,0,66340994079
pool15plk69huszwt6mpamzacu07un6r5u89vhfyq5dvm8u39yhqq2dc,0.0,8177703226768,0.975,6,167472715622
pool1nyjw0460ww5qjtpukexuywxdz4lzhy6tm7yygn74lnlcc62hnc8,0.0,70137969970987,0.884,50,87311729357
pool18gk8kvd9qf829nldqus92q9y640e6u0jdyfz04mmktwxvglgt06,0.0,48000021987056,0.989,41,9618530
pool1tdh56dcqs0sjeq4ehfdamlnzvxkrr5zgsysnhlkphzdzwmw4nvw,0.025,4529759216242,1.295,2,3233436556
pool1hezakp5r240dy4fcsm7mfd3qqahcvyrhj8hl770yxmxxzdwvcre,0.226,3883511203714,0.951,0,24446886402
pool15fn9e84lmcp88z6yldagdele2lq0kqremlf0j96v7cj0jj6v22l,0.022,144582438334,1.101,0,2343848720
pool1072lq3k32sfxs96s9qhrx3s9la2t68vrqwfsp7h9qnwk56yr2mv,0.0,6231762619140,1.111,0,111240058929
pool1xayucs2qde9rldc4tlq680ynycv2zxu9wc3mqjrgkcgqg5fp4g6,0.01,1393839947302,1.037,3,2374751458
pool1fgp4f4afdrq26axqlnm80fz49hdkyq4am3ca3r33w0w8sw2x8ap,0.0,6002242786602,0.881,3,6002242786602
pool1hnaps49hfe3uljp4cleu4amhes6wvatufyvgt2tjdtj3xjrgknk,0.0,6004490059834,0.881,3,6004490059834
pool1jldj0znj8rltkuj4sumqq5z6p8sdt3yk4qde90q42daru5kgfl6,0.0,6006738547678,1.287,3,6006738547678
pool13mxx49xrq4hp6mca8qrzxxmjhfrts0ayh5n6ff9uyuusq9cx4d8,0.0,5803594682311,0.834,5,5803594682311
pool1wthsvhhxueqfd9eqjdj8pgyprhr4gptn5g63z9rdrtelcfumnvg,0.0,5802693783893,0.846,1,5802693783893
pool1yraracv4ntq9azvjw2nkw8g4xluujalz8fpt2stz8rw6k0zueuv,0.0,5225295268608,0.0,4,5225295268608
pool1gdyn4dggh5c9yn5cjve3dlljjkpwzdt2g4au8aszgwd6y97wde8,0.0,45816553907,0.0,0,20852390502
pool1cuhcw4dhj577rzz847q5swfvrnthj2vn62hry6ljzp6g6v3ag77,0.0,1292865401583,1.063,2,498223288
pool138ympy6qjnq35snr5utt072dzt4lnzppyjauuppce4heqn2rgjc,0.0,1418813434063,1.053,2,50453596843
pool13ehs4gzc9t6tjr5rpynqtyp8act4jfqth54huymasuslj05fu8z,0.0,38219625131301,0.969,23,38545804559
pool1g2zsavkscwrzz0tqqwwykkyganyedlzgqc63fneq6nvzc7rwdzp,0.0,199644233,0.0,0,106633769
pool1zc5l0d0j9d0969z7ssphjdq7rfexhnhrfdp2e88sv05ujlaxfk3,0.0,260352976231,1.012,1,20709093113
pool1clkt34hufs3k4gfnd2rl8gy9zlzzdgr9838y0k2hwfuhy0mh2t9,0.0,5060719070,0.0,0,103923029
pool1qvkdjemewy8phhrkdhscjcnh3947f5ae42rdfjkv6gkgkjtlfsg,0.0,35550605800448,0.997,28,16245514601
pool13rx88l4d5gpw69e586tfcdeuzmx6f2ys95pqjnlnmlzrs739h0y,0.0,26408425005057,0.948,15,19744371519
pool1vphx7ph5rayjxuuqmwqhlw32pl3m6lstcr5jz0ecajdc528fjdt,0.0,10423660836393,0.953,4,18166524471
pool1q8x5k5wq6zsshdjcmyzcgzwaqd9mfg9fypaaew8xs597svmeyk4,0.0,36862792132075,0.991,8,11435220132075
pool1ezs46e9nftk46w723zg4e66n2vaytms5slrmywvd7fx5y65zkru,0.0,26856999999918,0.982,19,22277998759
pool19hrn8me383w9atvmjwukjxqsdvr8udpmyxau956hdc53x669j8p,0.0,72740852784280,0.976,59,72740492307298
pool1z0f60shmc83ppn5h4sdrjuauf0yaq0ma8yr9gkse0qhh56q49af,0.0,20083064730153,0.976,16,20056801605764
pool15676jwlm6gancffzs2jg9vf5xwzmspyktw75dl4kaucyst4qt8q,0.0,21364562700562,0.954,7,2824102150
pool10kya8ug3wr6cwnzm0qdcppjtuwfwmnvusu2uenscz4dg7pl07qv,0.0,16711376856558,0.948,13,572904852779
pool19zkd9hmkgdjmx2xr0psuat88uuw25wsrktr2qe69v2uzqldfnmj,0.0,21405100389618,0.956,11,23530074558287
pool1e59h5m5vyggszyafel7zvcnsayt2de7wyxyezlrsmm4a679q3zr,0.027,16168321197826,1.083,11,12443965
pool1lyh8e725vttnkr5eylgfap7pmnmkrk0wznpkfl8qxahyqe2agcu,0.0,16748854487762,0.941,17,74812871431
pool1xdw95vvpt0lj2gvej42dax6p9pehwgkw25q4cgvkvvdu2k29y5c,0.051,5997377122195,1.011,4,2866181374
pool1tp7fzx8w3lrwwuwff9x7nlqr4r5n0awpq0krwnahvj387n7y22h,0.025,8744319338020,0.965,4,3575138561
pool1nw0cj8zd2m6uu73msp7a5sjnht7ap3pe73kuqd7cjwsmzyhflex,0.0,11157318601986,0.951,9,360250371139
pool1hkr5zcthjvcn3ffncc4jqk5ctxxfrk37h7uddqnvxd4cu872nrt,0.0,9633920947499,1.005,4,5076368407
pool1jg4awqhdz454uylkhwxsnghfy00yz3ehzmz2mq6q5xvsudav482,0.0,4700773723,0.972,0,4700773723
pool19z9ac79g48kekg2xghx3afj6qp5skr9ar590w0huhc8nxn9s5j9,0.0,45658572081,0.914,0,1027765573
pool1dwthjmzrkm5q42yqa3x50jaye6pg57n7t569c44an6hzsg8qake,0.001,271376546745,0.985,0,6420402258
pool1hqlvn3qndgkne52uhe5347nlysmmec73ys9vduk96rs4jzjjyxm,0.0,4434465019350,0.947,5,78024540244
pool1zmhvvzlqp0xrhhqjhxyvfuct83wk4w85jckfkypz4fskcjzze2x,0.0,6496258374764,0.907,3,8639502786
pool16cerhwlk8nq7rpuerr4g08tpgeq7awnhgxzkyalc8n8xjwzxqm3,0.0,5284607339913,0.972,3,16011741869
pool1p2aax6cfztk6cc02cfhg0pa7432em8a59wdyjatxcd997n7knjs,0.0,26399174498,0.52,0,1000000000
pool1l3wdq3cec23jadkt2cx384vtgd75ncau33smrptwj87n2wedc0d,0.0,5033085869936,0.96,7,96042028326
pool1945aw7069upf9xpt6uvkctrj8uwju3q89f67e6g9mm2jx3xcy59,0.0,4207718968253,0.975,6,1149234024811
pool1axngzl8clfn6pnjaf4w5r0q4tgcwktv0zcuxnn32hl995pthddr,0.0,6648804350838,0.983,2,9621440694
pool1sghd7rmq0ktp6xd8yp84m00530hhqxx94lsnswmajt2xxrzpyjk,0.012,1831480837649,0.854,0,50421641148
pool19l206haluae6wyzm7tjpt3gln9paa5m9s4fedec2u09fqz300ht,0.0,497927726,0.877,0,244889077
pool19066qvd5dv6vq7fh5a5l7muzk6nc5fw8zq3w4tclyrhvjvlyeuc,0.0,6757682,0.93,0,6757682
pool1xt7mjrtnsew3v33lu8sf93upf20sxhmcrfnpm82ra46yxk7uy45,0.0,0,0.945,0,0
pool150n38x8gquu4yt5s0s6m3ajjqe89y68x96dh32tq8a4es2l6dvp,0.0,1063713272,0.907,0,169905744
pool1swuyjknhewtqcmh583jjpvlcl0p9h9hrt5l2f3v2hl6gchqrn40,0.0,0,0.924,0,0
pool1e9wmzv9r2pkvhwddc3ay42axm9aggheae6u4e52tgx6326krg03,0.0,6399950794909,0.933,1,3187700651
pool1rxgxstg6t7azlsrk4vuuwp0jgl9e776dg86zqzaa0qt6vz43n9r,0.0,5442471103511,0.961,2,11779149450
pool1va0dv0map5dqhaj8pyc3rg0500drqs0m5smcxme6xghnc7ygmw8,0.0,4796715436552,1.003,0,9556915206
pool1dmnyhw9uthknzcq4q6pwdc4vtfxz5zzrvd9eg432u60lzl959tw,0.0,4929592702361,0.959,2,27641316897
pool1kruxznxaqgramllcc4c5sxm6wlsn9auah46xyawkek74u8aurxd,0.0,608784497216,0.894,6,5985268992
pool1lmzhzkdvkh67a8hjcexlhajkk8f7kz2tf35frjut6creqs2kedg,0.0,2281099012857,1.027,4,53576742216
pool1r9mgl8cj0hyht0678cpdljt2pw353672jyy9ak00dzalglx2jq5,0.0,8727235209,0.0,0,115624602
pool1xply0kq63yvhwl6v090yuf4mxwrq37rse75w69ddw4k7sxwnxd8,0.0,339258277,0.0,0,117322622
pool1fvgmxt3688a5zl6amhvaqk9tmvk3lhxkgdsta6yj3czuy5hjwfy,0.0,0,0.915,0,0
pool15ze5nu27jma6ynnrtnfqktsqun265sar5vlfx4m5mhvmy0mnjvj,0.0,22501970,0.0,0,22501970
pool1g6rugsgxrl7ylqnuw2qvma0kuk63wc4yv43a4tmw3qaawgu87c0,0.0,5448290459,0.0,0,3085023
pool15zuu7g6030wsfafu6a80pf6z2w6ceu4aumu2d6neykgtcx650u2,0.0,14763176,0.0,0,4048591
pool1ncst8jldzmwa4s874u3x4q7seqjyq3njc89a2w2056m2ywktd6w,0.0,53738926,0.0,0,53738926
pool1ajpxqyq3p3aczgaxuc66lwtgzhrapzu6duk90dz0wz5twh9jzyw,0.0,6135954,0.917,0,6135954
pool1jj88mfe33panw8qkkhdmwrjy7ty52qkcs3seqzkq55h0v75gx97,0.0,3095952624411,0.898,2,32059528760
pool10r8gk6z4epj36rluw3klk5k0uzfcdc0rw9cu0zuyxw56quaksrv,0.0,2326629811040,0.946,1,907182492
pool1cj8dxjjlyn9xmjavr98ytmvlpd4vwgqp36kq8rl6jjyt6k2adfh,0.0,798981786332,0.925,0,201831639
pool1dghwejqptsjtf9k8paspg9rhl8humxx0nh7sk37j0ada2dr9mqh,0.0,2790942632,0.967,0,2790942632
pool1jayej3rwf5ynfmmu7583x3w2j73dcedtflgnazdezfn3kl6062x,0.0,1372826118904,1.048,0,79435241535
pool1x9tc05u8dqefrdyw9pgxn72szr7p2peyd7xgqs3l28s76f59c0y,0.0,7900602,0.913,0,7900602
pool1gq07hfmull6etsr23l36cvwgfkym6jqn4q2dz5vz4y446yat70t,0.0,2664581646181,0.841,0,47521299
pool1329xugchyesx3zzm96nylqlpz78cauzhgvlxawtll0pt7gnyul7,0.0,1323377929932,0.0,0,602759604
pool1fpvs8h5q5kwpz4k2yd0vw90dgdxacr3ef508tzzewm0kysdt4eq,0.0,9618530,0.983,0,9618530
pool146842tr5vgq52vksmccp82ttelgk6vwy5804sknmx6slyrehm4y,0.0,546167098,0.975,0,546167098
pool1eapprh7uyz8f90maft8r2k2v3a6jyv58eatgyz3lsfrqggkc8fq,0.0,797721633264,0.97,0,2640740548
pool1w9hdxd0ydy7qrtxe2lceg80mpsyamwnaqyvu2v0yngj4cfkfu2t,0.0,718239187319,0.969,0,2447708806
pool1jrsmda62uar63wrndmdg3jupdtmmtsxmnqt66r3mm33wj2fd2yh,0.0,509766415,0.0,0,509766415
pool16x765v3ge3th3dml6v7zrj4x7r6zlrtr7y5qa9ap7uzg7f50uu8,0.0,546890394,0.0,0,546890394
pool1fu64mttm7d8ljndu4hz68df5fkpsuuz3uj233wz3qpj0vfk9k4d,0.0,546890394,0.0,0,546890394
pool1d6k8r2hhczhfvfgddx72j0jzp4e823r9lknqpec4tux3ymlyeye,0.0,546890394,0.0,0,546890394
pool1fe49nfwktu8rhn3ysqz4he594nh8a9gkgg8hy3mtwrq4558rptz,0.0,546890394,0.0,0,546890394
pool1u3lnayg0fwfzhkcrnula5teuhrf9vwfn3cu4p4k8peqrcdv6sfe,0.0,546890394,0.0,0,546890394
pool1qcra8mg7vaju9cxad4cffye0zq35eag220dxrnje2exzq683u4x,0.0,546890394,0.0,0,546890394
pool1pyzhux0l4lhd7ex2mj6dqt4l0r5hymlu4jc8ka6gna305jn4vhm,0.0,546890394,0.0,0,546890394
pool1m0drnjxsvnlesq0rwmur2rh6lenuql57jfzd6cf6aegj2cv7ugy,0.0,546701705,0.0,0,546701705
pool1xkwnlr34tjrnkz6u4c0p36cju3xuls4dyynsdkf6cv22ksuhz6q,0.0,2909218532,0.0,0,546890394
pool192pfftt48zc4x5aellvpufk6l6zxllpldw0rx82vrhqrqfhhqs2,0.0,546701705,0.0,0,546701705
pool1kx0jm9ycs3t99tnwafw6w72jkdlzhj5ltxe2nrzkd9x2u5x343h,0.0,546701705,0.0,0,546701705
pool1kf6n7rmuwpcxxxqd27wsz05pkpqgdgea94kfk7vw9njs2nhccmw,0.0,125785584,1.004,0,125785584
pool1e4hhy29krxtmvs475myrsxuan35l28sky3v27xv9asetum0tv8p,0.0,83783986834,1.144,0,948910911
pool1w92z3lxwrycf3kmf075dja2fwem0luyjc4ysv2afh6sg554qjwn,0.0,3455860,0.915,0,3455860
pool166fpvc9lelw8pdvc4n3xeqns5ktkkmzu4plaen999fwy2xytgce,0.0,1258444,0.77,0,1258444
pool167r4k4twa3lrqzpzdd44hl4ahc9rnt4x7rjtwz60gtf7j7pnk5x,0.0,500066807,0.0,0,500066807
pool16ga833sw8tzuvv83gq2gp6zyuwhj3lka4nevnauj5grpuq8y2al,0.0,233445021,0.0,0,198619454
pool10emzedn7jczjrk7x7687mzwpqs2qfk8dnmyuf3ca7ju8cx79z57,0.0,39460040,0.0,0,38297271
pool162343gl83jtrskacz2cex7szf4yd5t77f5nd0e65fg78ztppuj9,0.0,2344698611,0.0,0,7463149
pool1h5xdez7j0ncewgxs4m8fykjt9jzuy86t8e0m7m7m2l79w4jzzk2,0.0,203250629,0.0,0,12068846
pool1uu5ve3qdv7zxpmger77u0kw7pm8l4apmgr5xy6wspceayl05vsd,0.0,5624250,0.0,0,5624250
pool172vhywk0n2m7r47a8wq78xzc7nnytu3x78wyftmdedvjyzxjc7s,0.0,70449031,0.0,0,47627732
pool15l7f5vd5sqchjqys6x5ygmdgs88q4y6ndwc7xy9a05y2jfced93,0.0,103000000,0.0,0,3000000
pool1ckxdmhmt252pd0yz2r9wr60y0t4we2j8lz4qnv5jdz5sgrxc3vn,0.0,0,0.0,0,0
pool1jexc6dwezcp7ph8mceyfrm50l6aqu5pu494lvfau309422t9c6z,0.0,0,0.0,0,0
pool1a93dsl464yupklfzt0eavrvxqs9ftddx4ehh3teaj9x47kt273f,0.0,0,0.0,0,0
pool18au4xxwcu552tjyxgyfssc95lwcf08g49z0ln5f7l060qh8r3wv,0.0,1430897,0.0,0,1430897
pool1zjjr7qm06ywwwd03fpc40u24uxt3kruesr6knpmdzj3ejxytjf0,0.0,0,0.0,0,0
pool1uavevsqnddgyg9nrkn04f79qlx6x87a4ysvdvtxacvkfuzpva08,0.0,0,0.0,0,0
pool1wuxqvk0flqtdj58aaqn8m8w2qheawpvgrhmqnry7uk6pcrwnp4a,0.0,0,0.0,0,0
pool1lujmnkmp7auuvphrhlxe9xtsqwt9vk8zemg8pkeztr367f0grq6,0.0,0,0.0,0,0
pool1jkltjlyk484wpdrhe20sjmgqgxhw0zx8lx6tml4wkprt5z28tvw,0.0,0,0.0,0,0
pool1mkprng8gaw4uzkd0x9ppjw5y52gv2qnwuet9dtvmdy6fkjuv9u3,0.0,0,0.0,0,0
pool1057u7q40d3azwak890qe9rt3yh554udtqjgj8nkuk0d5unenspe,0.0,0,0.0,0,0
pool1r9rc8f6xtl8fxmrvz3et9en0p8tp9aq0rzslfczawq6m7udqd33,0.0,0,0.0,0,0
pool14tdqa54j9kwhxpx3q55zrgt2gc8lqk9trkhfe7m36fhp7jjzf6w,0.0,0,0.0,0,0
pool13w9mcp8af4ef8vwsw624ams38w7hs0chvtjknz2t3pcxkm8w9m2,0.0,9630058,0.79,0,9630058
pool1axgtae69sdv7tnqru3enjdln0hff9k7n8awlh9xxzq92cdgmq53,0.0,7620000,0.0,0,7620000
pool1h8625k6vszveym92qandxwjv3wmnekc548yzcepr5w88ys824pg,0.0,77848386,0.0,0,77848386
pool164xvrnwxg0xwhkcm0fsnlzmtj3ptp5s7hne32k4dyv60x4utfje,2.743,88202493409141,0.971,58,74363288050
pool1568zhphxsnj5mfszwgta5zlvulu67g8f4jn6d3xs2tvas8ffu76,0.0,8633158797382,0.988,7,38252668828
pool12udshcl3ycj4qpxes28n0ugsye23h89rj8z2a5ast4482m08xe7,0.0,29881834720508,0.979,23,128044437220
pool1pjmqlsyny06w0x60rfd3seul5xc9pluh3t08y55ylhks28jeh7c,0.0,23673626335879,0.138,18,10467182289
pool1zpdxs9nsrfrl9l2rywdfxsrqveqfzvqjsy2g24pmkpvkslky3v5,0.0,12340509616008,1.012,9,116373466598
pool1rw29y8c5md2rm4ynkrqhpm9saatd0a0xzyyc6xudelgkww5junh,0.0,10017583126944,0.964,8,33443830499
pool13jf2uxjk7c2cl6nfllvnrdd6sv4eeq9zvwx23u3wrf97kvufj7x,0.0,8118175626312,0.947,4,34421460950
